index,original,cleaned,enriched,street,suburb,state,postcode,station_name,operator,latitude,longitude,original_components,enriched_components,component_gain,original_length,enriched_length,length_gain
914,"Murray Rose Ave, Sydney, 2127","Murray Rose Avenue, Sydney NSW 2127",9 Murray Rose Avenue Sydney Olympic Park New South Wales 2127,9 Murray Rose Avenue,Sydney Olympic Park,New South Wales,2127.0,,NRMA,-33.84603808,151.0698058,5,11,6,29,61,32
861,"Goobarabah Ave, Central Coast, 2263","Goobarabah Avenue, Central Coast NSW 2263",Lake Haven Shopping Centre Carpark Lake Haven New South Wales 2263,Lake Haven Shopping Centre Carpark,Lake Haven,New South Wales,2263.0,,Chargefox,-33.24040245,151.5038719,5,11,6,35,66,31
880,"Jersey St, Sydney, 2077","Jersey Street, Sydney NSW 2077",462 Peats Ferry Road Asquith New South Wales 2077,462 Peats Ferry Road,Asquith,New South Wales,2077.0,,BP,-33.68997402,151.1061692,4,9,5,23,49,26
812,"Breese Pde, Forster, 2428","Breese Parade, Forster NSW 2428",NSW Coastline Cycleway Forster Keys New South Wales 2428,NSW Coastline Cycleway,Forster Keys,New South Wales,2428.0,,Chargefox,-32.20032137,152.5184084,4,9,5,25,56,31
931,"Pole Ln, Sydney, 2065","Pole Lane, Sydney NSW 2065",36 Hume Street Crows Nest New South Wales 2065,36 Hume Street,Crows Nest,New South Wales,2065.0,,Evie,-33.82462167,151.1997668,4,9,5,21,46,25
926,"Pacific Hwy, Boambee, 2450","Pacific Highway, Boambee NSW 2450",Drive Thru North Boambee Valley New South Wales 2450,Drive Thru,North Boambee Valley,New South Wales,2450.0,,Chargefox,-30.31793098,153.0897227,4,9,5,26,52,26
974,"Western Motorway, Sydney, 2766","Western Motorway, Sydney NSW 2766",Hungry Jacks Drive-Thru Eastern Creek New South Wales 2766,Hungry Jacks Drive-Thru,Eastern Creek,New South Wales,2766.0,,Ampol,-33.80154859,150.886,4,9,5,30,58,28
11,"1 Dalgal Way, Sydney, 2037","1 Dalgal Way, Sydney NSW 2037",1 Dalgal Way Forest Lodge New South Wales 2037,1 Dalgal Way,Forest Lodge,New South Wales,2037.0,,Tesla,-33.87650055,151.178,5,9,4,26,46,20
0,", Muswellbrook, 2333",Muswellbrook NSW 2333,Hill Street Muswellbrook New South Wales 2333,Hill Street,Muswellbrook,New South Wales,2333.0,,EVUp,-32.26224229,150.8901391,3,7,4,20,45,25
876,"Holborn Ct, Sydney, 2557","Holborn Ct, Sydney NSW 2557",Holborn Circuit Gledswood Hills New South Wales 2557,Holborn Circuit,Gledswood Hills,New South Wales,2557.0,,Exploren,-34.02030235,150.7634565,4,8,4,24,52,28
872,"Henderson Rd, Sydney, 2174","Henderson Road, Sydney NSW 2174",Sergeant Street Edmondson Park New South Wales 2174,Sergeant Street,Edmondson Park,New South Wales,2174.0,,Chargefox,-33.9694585,150.8563874,4,8,4,26,51,25
892,"Larkin Ln, Lismore, 2480","Larkin Lane, Lismore NSW 2480",104-106 Keen Street Lismore New South Wales 2480,104-106 Keen Street,Lismore,New South Wales,2480.0,,Everty,-28.80843648,153.2793393,4,8,4,24,48,24
918,"North Ter, Sydney, 2200","North Ter, Sydney NSW 2200",Lady Cutler Avenue Bankstown New South Wales 2200,Lady Cutler Avenue,Bankstown,New South Wales,2200.0,,Chargefox,-33.91649454,151.0402563,4,8,4,23,49,26
878,"Innovation Way, Wollongong, 2500","Innovation Way, Wollongong NSW 2500",Squires Way North Wollongong New South Wales 2500,Squires Way,North Wollongong,New South Wales,2500.0,,Chargefox,-34.40008513,150.8996306,4,8,4,32,49,17
1756,"Birmingham St, Sydney, 2015","Birmingham Street, Sydney NSW 2015",472-474 Gardeners Road Alexandria New South Wales 2015,472-474 Gardeners Road,Alexandria,New South Wales,2015.0,,Porsche Smart Mobility,-33.92094499,151.1944855,4,8,4,27,54,27
9,"1 Cathedral Sq, Sydney, 2000","1 Cathedral Sq, Sydney NSW 2000",St Mary's Cathedral Square Sydney New South Wales 2000,St Mary's Cathedral Square,Sydney,New South Wales,2000.0,,AXCharge,-33.87136841,151.2137407,5,9,4,28,54,26
976,"Wingewarra St, Dubbo, 2830","Wingewarra Street, Dubbo NSW 2830",76 Wingewarra Street Dubbo New South Wales 2830,76 Wingewarra Street,Dubbo,New South Wales,2830.0,,NRMA,-32.24936341,148.6091872,4,8,4,26,47,21
800,"Anderson St, Sydney, 2067","Anderson Street, Sydney NSW 2067",370 Victoria Avenue Chatswood New South Wales 2067,370 Victoria Avenue,Chatswood,New South Wales,2067.0,,Exploren,-33.79641046,151.1836096,4,8,4,25,50,25
803,"Avenue Rd, Sydney, 2088","Avenue Road, Sydney NSW 2088",40 Avenue Road Mosman New South Wales 2088,40 Avenue Road,Mosman,New South Wales,2088.0,,BP,-33.83197602,151.2373874,4,8,4,23,42,19
807,"Bay St, Sydney, 2007","Bay Street, Sydney NSW 2007",1 Bay Street Glebe New South Wales 2037,1 Bay Street,Glebe,New South Wales,2037.0,,Tesla,-33.88364169,151.1948789,4,8,4,20,39,19
973,"Walton Ln, Picton, 2571","Walton Lane, Picton NSW 2571",1 Walton Street Picton New South Wales 2571,1 Walton Street,Picton,New South Wales,2571.0,,NRMA,-34.16828833,150.6109429,4,8,4,23,43,20
959,"Stuart St, Wagga Wagga, 2650","Stuart Street, Wagga Wagga NSW 2650",Stuart Road East Wagga Wagga New South Wales 2650,Stuart Road,East Wagga Wagga,New South Wales,2650.0,,Everty,-35.12347852,147.3992282,5,9,4,28,49,21
813,"Brunswick Ter, Brunswick Heads, 2483","Brunswick Ter, Brunswick Heads NSW 2483",2 The Terrace Brunswick Heads New South Wales 2483,2 The Terrace,Brunswick Heads,New South Wales,2483.0,,Tesla,-28.53977782,153.5522432,5,9,4,36,50,14
961,"Sussex St, Sydney, 2000","Sussex Street, Sydney NSW 2000",121 Sussex Street Sydney New South Wales 2000,121 Sussex Street,Sydney,New South Wales,2000.0,,Everty,-33.87052257,151.2038458,4,8,4,23,45,22
975,"William St, Sydney, 2046","William Street, Sydney NSW 2046",William Street Five Dock New South Wales 2046,William Street,Five Dock,New South Wales,2046.0,,Evie,-33.86864269,151.1185836,4,8,4,24,45,21
936,"Prospect Hwy, Sydney, 2147","Prospect Highway, Sydney NSW 2147",Prospect Highway Seven Hills New South Wales 2147,Prospect Highway,Seven Hills,New South Wales,2147.0,,EVUp,-33.77580285,150.9335706,4,8,4,26,49,23
956,"Soldiers Pde, Sydney, 2174","Soldiers Parade, Sydney NSW 2174",Gula Court Edmondson Park New South Wales 2174,Gula Court,Edmondson Park,New South Wales,2174.0,,Chargefox,-33.96909714,150.8615696,4,8,4,26,46,20
957,"Soldiers Point Road, Soldiers Point, 2317","Soldiers Point Road, Soldiers Point NSW 2317",147 Soldiers Point Road Soldiers Point New South Wales 2317,147 Soldiers Point Road,Soldiers Point,New South Wales,2317.0,,Porsche Smart Mobility,-32.71141446,152.0720931,6,10,4,41,59,18
934,"Princes Highway, Gerringong, 2534","Princes Highway, Gerringong NSW 2534",Kiama Coast Walk Gerringong New South Wales 2534,Kiama Coast Walk,Gerringong,New South Wales,2534.0,,Porsche Smart Mobility,-34.72438543,150.8423113,4,8,4,33,48,15
887,"Kokera St, Newcastle, 2287","Kokera Street, Newcastle NSW 2287",24 Kokera Street Wallsend New South Wales 2287,24 Kokera Street,Wallsend,New South Wales,2287.0,,Tesla,-32.90262967,151.6676206,4,8,4,26,46,20
883,"Kable Ave, Tamworth, 2340","Kable Avenue, Tamworth NSW 2340",4 Kable Avenue Tamworth New South Wales 2340,4 Kable Avenue,Tamworth,New South Wales,2340.0,,NRMA,-31.0903554,150.9274134,4,8,4,25,44,19
896,"Link Road, Sydney, 2113","Link Road, Sydney NSW 2113",Link Road Macquarie Park New South Wales 2113,Link Road,Macquarie Park,New South Wales,2113.0,,Chargefox,-33.77552657,151.1094585,4,8,4,23,45,22
867,"Hassall St, Sydney, 2142","Hassall Street, Sydney NSW 2142",113 Hassall Street Rosehill New South Wales 2142,113 Hassall Street,Rosehill,New South Wales,2142.0,,BP,-33.81961366,151.0213463,4,8,4,24,48,24
932,"Popran Rd, Glenworth Valley, 2250","Popran Road, Glenworth Valley NSW 2250",69 Cooks Road Glenworth Valley New South Wales 2250,69 Cooks Road,Glenworth Valley,New South Wales,2250.0,,Everty,-33.40322627,151.1925055,5,9,4,33,51,18
850,"Eric Felton St, Sydney, 2154","Eric Felton Street, Sydney NSW 2154",6-14 Castle Street Castle Hill New South Wales 2154,6-14 Castle Street,Castle Hill,New South Wales,2154.0,,Tesla,-33.72919824,151.0068078,5,9,4,28,51,23
924,"Ordnance St, Newcastle, 2300","Ordnance Street, Newcastle NSW 2300",Newcomen Street The Hill New South Wales 2300,Newcomen Street,The Hill,New South Wales,2300.0,,Chargefox,-32.93191396,151.7804224,4,8,4,28,45,17
950,"Shiers Ave, Sydney, 2020","Shiers Avenue, Sydney NSW 2020",Keith Smith Avenue Mascot New South Wales 2020,Keith Smith Avenue,Mascot,New South Wales,2020.0,,Tesla,-33.93278583,151.1802933,4,8,4,24,46,22
948,"Salisbury Rd, Sydney, 2154","Salisbury Road, Sydney NSW 2154",Salisbury Road Castle Hill New South Wales 2154,Salisbury Road,Castle Hill,New South Wales,2154.0,,Porsche Smart Mobility,-33.73028233,150.9734114,4,8,4,26,47,21
949,"Science Rd, Sydney, 2113","Science Road, Sydney NSW 2113",Science Road Macquarie Park New South Wales 2113,Science Road,Macquarie Park,New South Wales,2113.0,,Chargefox,-33.77319124,151.116038,4,8,4,24,48,24
952,"Shop 2140, Newcastle, 2289","Shop 2140, Newcastle NSW 2289",121 Park Avenue Kotara New South Wales 2289,121 Park Avenue,Kotara,New South Wales,2289.0,,Exploren,-32.94079384,151.7105495,4,8,4,26,43,17
828,"Civic Dr, Sydney, 2099","Civic Drive, Sydney NSW 2099",40 Kingsway Dee Why New South Wales 2099,40 Kingsway,Dee Why,New South Wales,2099.0,,ChargePoint,-33.75034339,151.2866637,4,8,4,22,40,18
748,"88 Broadway, Sydney, 2008","88 Broadway, Sydney NSW 2008",Abercrombie Street Chippendale New South Wales 2008,Abercrombie Street,Chippendale,New South Wales,2008.0,,Tesla,-33.88482987,151.1986226,4,7,3,25,51,26
796,"Albert Pde, Sydney, 2131","Albert Parade, Sydney NSW 2131",Albert Parade Ashfield New South Wales 2131,Albert Parade,Ashfield,New South Wales,2131.0,,Exploren,-33.88281186,151.1232022,4,7,3,24,43,19
797,"Alford St, Currabubula, 2342","Alford Street, Currabubula NSW 2342",8 Alford Street New South Wales 2342,8 Alford Street,,New South Wales,2342.0,,Exploren,-31.26079584,150.7369459,4,7,3,28,36,8
10,"1 Dalgal Way, Sydney, 2037","1 Dalgal Way, Sydney NSW 2037",Dalgal Way Forest Lodge New South Wales 2037,Dalgal Way,Forest Lodge,New South Wales,2037.0,,Tesla,-33.87637442,151.1776376,5,8,3,26,44,18
1805,"Woodriff St, Sydney, 2750","Woodriff Street, Sydney NSW 2750",Woodriff Street Penrith New South Wales 2750,Woodriff Street,Penrith,New South Wales,2750.0,,Chargefox,-33.75813518,150.6918569,4,7,3,25,44,19
808,"Beachside Dr, Caves Beach, 2281","Beachside Drive, Caves Beach NSW 2281",Mawson Close Caves Beach New South Wales 2281,Mawson Close,Caves Beach,New South Wales,2281.0,,Porsche Smart Mobility,-33.10472377,151.648005,5,8,3,31,45,14
958,"Sommerlad Ln, Glen Innes, 2370","Sommerlad Lane, Glen Innes NSW 2370",Sommerlad Lane Glen Innes New South Wales 2370,Sommerlad Lane,Glen Innes,New South Wales,2370.0,,NRMA,-29.73846351,151.7363083,5,8,3,30,46,16
962,"Tathra Bermagui Rd, Tathra, 2550","Tathra Bermagui Road, Tathra NSW 2550",Tathra Bermagui Road Tathra New South Wales 2550,Tathra Bermagui Road,Tathra,New South Wales,2550.0,,Chargefox,-36.71254459,149.976018,5,8,3,32,48,16
960,"Sunset Blvd, Soldiers Point, 2317","Sunset Boulevard, Soldiers Point NSW 2317",Ridgeway Avenue Soldiers Point New South Wales 2317,Ridgeway Avenue,Soldiers Point,New South Wales,2317.0,,Chargefox,-32.70138843,152.0626466,5,8,3,33,51,18
819,"Campbell St, Sydney, 2150","Campbell Street, Sydney NSW 2150",Campbell Street Sydney New South Wales 2150,Campbell Street,Sydney,New South Wales,2150.0,,EVUp,-33.81783788,150.999956,4,7,3,25,43,18
816,"Bunnerong Rd, Sydney, 2036","Bunnerong Road, Sydney NSW 2036",Bunnerong Road Chifley New South Wales 2036,Bunnerong Road,Chifley,New South Wales,2036.0,,Chargefox,-33.97296101,151.2365656,4,7,3,26,43,17
824,"Castlereagh Rd, Sydney, 2750","Castlereagh Road, Sydney NSW 2750",Coreen Avenue Penrith New South Wales 2750,Coreen Avenue,Penrith,New South Wales,2750.0,,Ampol,-33.74298103,150.69296,4,7,3,28,42,14
825,"Central Ave 2, Sydney, 2015","Central Avenue 2, Sydney NSW 2015",2 Central Avenue Eveleigh New South Wales 2015,2 Central Avenue,Eveleigh,New South Wales,2015.0,,Ampol,-33.89561066,151.1961411,5,8,3,27,46,19
826,"Church St, Glen Innes, 2370","Church Street, Glen Innes NSW 2370",Fitzhardinge Lane Glen Innes New South Wales 2370,Fitzhardinge Lane,Glen Innes,New South Wales,2370.0,,EVUp,-29.73817122,151.7375185,5,8,3,27,49,22
823,"Carrington Pde, Sydney, 2096","Carrington Parade, Sydney NSW 2096",Carrington Parade Freshwater New South Wales 2096,Carrington Parade,Freshwater,New South Wales,2096.0,,EVUp,-33.77900205,151.2924134,4,7,3,28,49,21
811,"Bradleys Head Road, Sydney, 2088","Bradleys Head Road, Sydney NSW 2088",Bradleys Head Road Mosman New South Wales 2088,Bradleys Head Road,Mosman,New South Wales,2088.0,,Chargefox,-33.84167072,151.2429499,5,8,3,32,46,14
798,"Alleyne St, Sydney, 2067","Alleyne Street, Sydney NSW 2067",Alleyne Street Sydney New South Wales 2067,Alleyne Street,Sydney,New South Wales,2067.0,,EVUp,-33.78754859,151.1983834,4,7,3,24,42,18
799,"Alpha Street, Sydney, 2148","Alpha Street, Sydney NSW 2148",Flushcombe Road Blacktown New South Wales 2148,Flushcombe Road,Blacktown,New South Wales,2148.0,,Exploren,-33.7714585,150.908034,4,7,3,26,46,20
801,"Arthur St, Moss Vale, 2577","Arthur Street, Moss Vale NSW 2577",Arthur Street Moss Vale New South Wales 2577,Arthur Street,Moss Vale,New South Wales,2577.0,,Porsche Smart Mobility,-34.55724529,150.3719379,5,8,3,26,44,18
809,"Bellambi Ln, Wollongong, 2518","Bellambi Lane, Wollongong NSW 2518",Bellambi Lane Bellambi New South Wales 2518,Bellambi Lane,Bellambi,New South Wales,2518.0,,Exploren,-34.36218023,150.907982,4,7,3,29,43,14
969,"Vesper St, Batemans Bay, 2536","Vesper Street, Batemans Bay NSW 2536",Vesper Street Batemans Bay New South Wales 2536,Vesper Street,Batemans Bay,New South Wales,2536.0,,NRMA,-35.7095526,150.173983,5,8,3,29,47,18
970,"Victoria Hill Rd, Adelong, 2729","Victoria Hill Road, Adelong NSW 2729",Victoria Hill Road Adelong New South Wales 2729,Victoria Hill Road,Adelong,New South Wales,2729.0,,Chargefox,-35.3062553,148.0642933,5,8,3,31,47,16
971,"Waddells Ave, Singleton, 2330","Waddells Avenue, Singleton NSW 2330",Waddells Lane Singleton New South Wales 2330,Waddells Lane,Singleton,New South Wales,2330.0,,Everty,-32.57698603,151.1842142,4,7,3,29,44,15
968,"Valder Way, Charles Sturt University, 2678","Valder Way, Charles Sturt University NSW 2678",Yama Circuit Charles Sturt University New South Wales 2678,Yama Circuit,Charles Sturt University,New South Wales,2678.0,,Exploren,-35.05693398,147.3512593,6,9,3,42,58,16
963,"The Boulevarde, Sydney, 2216","The Boulevarde, Sydney NSW 2216",The Boulevarde Brighton-Le-Sands New South Wales 2216,The Boulevarde,Brighton-Le-Sands,New South Wales,2216.0,,Exploren,-33.9612503,151.154957,4,7,3,28,53,25
964,"Unicentre Ln, Wollongong, 2500","Unicentre Lane, Wollongong NSW 2500",Unicentre Road Keiraville New South Wales 2500,Unicentre Road,Keiraville,New South Wales,2500.0,,Chargefox,-34.40769974,150.8806396,4,7,3,30,46,16
966,"University Dr, Newcastle, 2308","University Drive, Newcastle NSW 2308",University Drive Callaghan New South Wales 2308,University Drive,Callaghan,New South Wales,2308.0,,Chargefox,-32.89554259,151.703996,4,7,3,30,47,17
972,"Wallace Lane, Canobolas, 2800","Wallace Lane, Canobolas NSW 2800",Wallace Lane Canobolas New South Wales 2800,Wallace Lane,Canobolas,New South Wales,2800.0,,Porsche Smart Mobility,-33.33368373,149.0435355,4,7,3,29,43,14
979,"Wyong Rd, Central Coast, 2261","Wyong Road, Central Coast NSW 2261",Mingara Drive Tumbi Umbi New South Wales 2261,Mingara Drive,Tumbi Umbi,New South Wales,2261.0,,BP,-33.36284489,151.4442893,5,8,3,29,45,16
1122,"28 B55, Mudgee NSW 2850","28 B55, Mudgee NSW 2850",5B Sydney Road Mudgee New South Wales 2850,5B Sydney Road,Mudgee,New South Wales,2850.0,SPS Solar Pumping Solutions,Non-networked,-32.6064384,149.5987968,5,8,3,23,42,19
520,"40 Kingsway, Sydney, 2099","40 Kingsway, Sydney NSW 2099",Kingsway Dee Why New South Wales 2099,Kingsway,Dee Why,New South Wales,2099.0,,Tesla,-33.75031336,151.2863123,4,7,3,25,37,12
618,"55 North Steyne, Sydney, 2095","55 North Steyne, Sydney NSW 2095",92 North Steyne Sydney New South Wales 2095,92 North Steyne,Sydney,New South Wales,2095.0,,Tesla,-33.7915586,151.286988,5,8,3,29,43,14
935,"Princes Hwy, Ulladulla, 2539","Princes Highway, Ulladulla NSW 2539",Princes Highway Ulladulla New South Wales 2539,Princes Highway,Ulladulla,New South Wales,2539.0,,Exploren,-35.36842147,150.4706086,4,7,3,28,46,18
937,"Prospect St, Holbrook, 2644","Prospect Street, Holbrook NSW 2644",Raymond Street Holbrook New South Wales 2644,Raymond Street,Holbrook,New South Wales,2644.0,,NRMA,-35.7181522,147.316019,4,7,3,27,44,17
939,"Railway St, Sydney, 2067","Railway Street, Sydney NSW 2067",Railway Street Sydney New South Wales 2067,Railway Street,Sydney,New South Wales,2067.0,,Chargefox,-33.79441046,151.1801622,4,7,3,24,42,18
938,"Queen Elizabeth Dr, Sydney, 2026","Queen Elizabeth Drive, Sydney NSW 2026",Campbell Parade Bondi Beach New South Wales 2026,Campbell Parade,Bondi Beach,New South Wales,2026.0,,Chargefox,-33.89078083,151.2763093,5,8,3,32,48,16
940,"Rankine St, Crescent Head, 2440","Rankine Street, Crescent Head NSW 2440",May Street Crescent Head New South Wales 2440,May Street,Crescent Head,New South Wales,2440.0,,EVX,-31.18968373,152.9784444,5,8,3,31,45,14
941,"Ring Rd, Newcastle, 2308","Ring Road, Newcastle NSW 2308",University Drive Callaghan New South Wales 2308,University Drive,Callaghan,New South Wales,2308.0,,Chargefox,-32.89188493,151.701979,4,7,3,24,47,23
843,"Darling Cswy, Mount Victoria, 2786","Darling Cswy, Mount Victoria NSW 2786",Darling Causeway Mount Victoria New South Wales 2786,Darling Causeway,Mount Victoria,New South Wales,2786.0,,Non-networked,-33.58671976,150.2568799,5,8,3,34,52,18
842,"Dalton St, Parkes, 2870","Dalton Street, Parkes NSW 2870",Dalton Street Parkes New South Wales 2870,Dalton Street,Parkes,New South Wales,2870.0,,NRMA,-33.13720725,148.1726176,4,7,3,23,41,18
943,"Robey St, Sydney, 2035","Robey Street, Sydney NSW 2035",Robey Street Maroubra New South Wales 2035,Robey Street,Maroubra,New South Wales,2035.0,,Chargefox,-33.95030735,151.2384284,4,7,3,22,42,20
944,"Robinsons Ln, Tenterfield, 2372","Robinsons Lane, Tenterfield NSW 2372",Robinsons Lane Tenterfield New South Wales 2372,Robinsons Lane,Tenterfield,New South Wales,2372.0,,Tesla,-29.00038643,152.023976,4,7,3,31,47,16
844,"Darling Dr, Sydney, 2000","Darling Drive, Sydney NSW 2000",Darling Drive Sydney New South Wales 2000,Darling Drive,Sydney,New South Wales,2000.0,,NRMA,-33.8751502,151.1995636,4,7,3,24,41,17
845,"Darling Dr, Sydney, 2000","Darling Drive, Sydney NSW 2000",Moriarty Walk Sydney New South Wales 2000,Moriarty Walk,Sydney,New South Wales,2000.0,,NRMA,-33.8767518,151.20002,4,7,3,24,41,17
945,"Rogan Ln, Young, 2594","Rogan Lane, Young NSW 2594",Rogan Lane Young New South Wales 2594,Rogan Lane,Young,New South Wales,2594.0,,NRMA,-34.31177382,148.2950991,4,7,3,21,37,16
947,"Ross St, Goulburn, 2580","Ross Street, Goulburn NSW 2580",Ross Street Bradfordville New South Wales 2580,Ross Street,Bradfordville,New South Wales,2580.0,,ChargePoint,-34.7302573,149.7424975,4,7,3,23,46,23
953,"Short St, Mudgee, 2850","Short Street, Mudgee NSW 2850",Short Street Mudgee New South Wales 2850,Short Street,Mudgee,New South Wales,2850.0,,NRMA,-32.58960965,149.5857578,4,7,3,22,40,18
951,"Shire St, West Wyalong, 2671","Shire Street, West Wyalong NSW 2671",Shire Lane West Wyalong New South Wales 2671,Shire Lane,West Wyalong,New South Wales,2671.0,,NRMA,-33.92382187,147.2033794,5,8,3,28,44,16
827,"Church St, Sydney, 2024","Church Street, Sydney NSW 2024",Church Street Waverley New South Wales 2024,Church Street,Waverley,New South Wales,2024.0,,EVX,-33.89814219,151.2537778,4,7,3,23,43,20
851,"Eskbank St, Lithgow, 2790","Eskbank Street, Lithgow NSW 2790",Eskbank Street Cooerwull New South Wales 2790,Eskbank Street,Cooerwull,New South Wales,2790.0,,NRMA,-33.48123828,150.1588018,4,7,3,25,45,20
853,"Ferguson Cres, Mittagong, 2575","Ferguson Crescent, Mittagong NSW 2575",Ferguson Crescent Mittagong New South Wales 2575,Ferguson Crescent,Mittagong,New South Wales,2575.0,,Porsche Smart Mobility,-34.44740445,150.4612402,4,7,3,30,48,18
854,"First Ave, Gundagai, 2722","First Avenue, Gundagai NSW 2722",First Avenue Gundagai New South Wales 2722,First Avenue,Gundagai,New South Wales,2722.0,,Porsche Smart Mobility,-35.06456061,148.1075155,4,7,3,25,42,17
874,"Hermitage Rd, Pokolbin, 2320","Hermitage Road, Pokolbin NSW 2320",Hermitage Road Cessnock New South Wales 2320,Hermitage Road,Cessnock,New South Wales,2320.0,,Tesla,-32.7277508,151.2606126,4,7,3,28,44,16
871,"Headland Ave, Austinmer, 2515","Headland Avenue, Austinmer NSW 2515",Headland Avenue Austinmer New South Wales 2515,Headland Avenue,Austinmer,New South Wales,2515.0,,EVX,-34.30089594,150.9396096,4,7,3,29,46,17
846,"Darwin St, Cessnock, 2325","Darwin Street, Cessnock NSW 2325",North Avenue Cessnock New South Wales 2325,North Avenue,Cessnock,New South Wales,2325.0,,Everty,-32.83657562,151.3539109,4,7,3,25,42,17
847,"Date St, Newcastle, 2289","Date Street, Newcastle NSW 2289",Date Street Adamstown New South Wales 2289,Date Street,Adamstown,New South Wales,2289.0,,Chargefox,-32.93447852,151.7247487,4,7,3,24,42,18
849,"Dorhauer Ln, Sydney, 2025","Dorhauer Lane, Sydney NSW 2025",Dorhauer Lane Woollahra New South Wales 2025,Dorhauer Lane,Woollahra,New South Wales,2025.0,,Evie,-33.88851356,151.2376316,4,7,3,25,44,19
857,"Gardeners Rd, Sydney, 2020","Gardeners Road, Sydney NSW 2020",Gardeners Road Alexandria New South Wales 2015,Gardeners Road,Alexandria,New South Wales,2015.0,,JOLT,-33.92049354,151.1907497,4,7,3,26,46,20
855,"Franklin St, Sydney, 2036","Franklin Street, Sydney NSW 2036",Franklin Street Malabar New South Wales 2036,Franklin Street,Malabar,New South Wales,2036.0,,Evie,-33.96116721,151.2488509,4,7,3,25,44,19
856,"Gallagher St, Byron Bay, 2481","Gallagher Street, Byron Bay NSW 2481",Gallagher Street Byron Bay New South Wales 2481,Gallagher Street,Byron Bay,New South Wales,2481.0,,Chargefox,-28.63008013,153.5810821,5,8,3,29,47,18
858,"Gardeners Rd, Sydney, 2020","Gardeners Road, Sydney NSW 2020",Gardeners Road Alexandria New South Wales 2015,Gardeners Road,Alexandria,New South Wales,2015.0,,JOLT,-33.92059364,151.1914745,4,7,3,26,46,20
930,"Pittwater Road, Sydney, 2101","Pittwater Road, Sydney NSW 2101",Pittwater Road Narrabeen New South Wales 2101,Pittwater Road,Narrabeen,New South Wales,2101.0,,JOLT,-33.71376381,151.2971421,4,7,3,28,45,17
859,"Gasworks Ln, Molong, 2866","Gasworks Lane, Molong NSW 2866",Gasworks Lane Molong New South Wales 2866,Gasworks Lane,Molong,New South Wales,2866.0,,NRMA,-33.09089894,148.8704144,4,7,3,25,41,16
860,"Gipps St, Bega, 2550","Gipps Street, Bega NSW 2550",Gipps Street Bega New South Wales 2550,Gipps Street,Bega,New South Wales,2550.0,,NRMA,-36.67324729,149.843047,4,7,3,20,38,18
921,"Oberon St, Oberon, 2787","Oberon Street, Oberon NSW 2787",Oberon Street Oberon New South Wales 2787,Oberon Street,Oberon,New South Wales,2787.0,,ChargeHub,-33.70452257,149.8638138,4,7,3,23,41,18
922,"Obley Road, Dubbo, 2830","Obley Road, Dubbo NSW 2830",Obley Road Dubbo New South Wales 2830,Obley Road,Dubbo,New South Wales,2830.0,,Chargefox,-32.27382687,148.5880791,4,7,3,23,37,14
923,"Orchard Ct, Bathurst, 2795","Orchard Ct, Bathurst NSW 2795",Hawkins Walk Mitchell New South Wales 2795,Hawkins Walk,Mitchell,New South Wales,2795.0,,Exploren,-33.42979584,149.560006,4,7,3,26,42,16
862,"Grandview Lane, Bowen Mountain, 2753","Grandview Lane, Bowen Mountain NSW 2753",Grandview Lane Bowen Mountain New South Wales 2753,Grandview Lane,Bowen Mountain,New South Wales,2753.0,,Porsche Destination Charging,-33.58239244,150.6335656,5,8,3,36,50,14
866,"Harbour Boulevard, Shell Cove, 2529","Harbour Boulevard, Shell Cove NSW 2529",Marina Drive Shell Cove New South Wales 2529,Marina Drive,Shell Cove,New South Wales,2529.0,,Chargefox,-34.58859964,150.8661131,5,8,3,35,44,9
863,"Grenache Way, Murrumbateman, 2582","Grenache Way, Murrumbateman NSW 2582",Isabel Drive Murrumbateman New South Wales 2582,Isabel Drive,Murrumbateman,New South Wales,2582.0,,Porsche Smart Mobility,-34.97787592,149.0084344,4,7,3,33,47,14
870,"Havenview Rd, Central Coast, 2260","Havenview Road, Central Coast NSW 2260",176 Terrigal Drive Terrigal New South Wales 2260,176 Terrigal Drive,Terrigal,New South Wales,2260.0,,EVUp,-33.44133738,151.4392553,5,8,3,33,48,15
869,"Hastings St, Wauchope, 2446","Hastings Street, Wauchope NSW 2446",Hastings Street Wauchope New South Wales 2446,Hastings Street,Wauchope,New South Wales,2446.0,,NRMA,-31.4561542,152.7327227,4,7,3,27,45,18
893,"Lauder St, Tumbarumba, 2653","Lauder Street, Tumbarumba NSW 2653",Lauder Street Tumbarumba New South Wales 2653,Lauder Street,Tumbarumba,New South Wales,2653.0,,Chargefox,-35.7735596,148.0094114,4,7,3,27,45,18
911,"Mowamba Pl, Thredbo, 2625","Mowamba Place, Thredbo NSW 2625",17 Friday Drive New South Wales 2625,17 Friday Drive,,New South Wales,2625.0,,Tesla,-36.50483088,148.3046977,4,7,3,25,36,11
912,"Muir St, Medowie, 2318","Muir Street, Medowie NSW 2318",Muir Street Medowie New South Wales 2318,Muir Street,Medowie,New South Wales,2318.0,,Chargefox,-32.73893898,151.8673493,4,7,3,22,40,18
889,"Kowara Cres, Merimbula, 2548","Kowara Crescent, Merimbula NSW 2548",Kowara Crescent Merimbula New South Wales 2548,Kowara Crescent,Merimbula,New South Wales,2548.0,,EVUp,-36.88414419,149.9032943,4,7,3,28,46,18
885,"King St, Newcastle, 2300","King Street, Newcastle NSW 2300",King Street Newcastle New South Wales 2300,King Street,Newcastle,New South Wales,2300.0,,Porsche Smart Mobility,-32.92746051,151.7790551,4,7,3,24,42,18
888,"Koonya Cct, Sydney, 2229","Koonya Circuit, Sydney NSW 2229",Koonya Circuit Caringbah New South Wales 2229,Koonya Circuit,Caringbah,New South Wales,2229.0,,Exploren,-34.0278569,151.1217848,4,7,3,24,45,21
915,"Napier St, Sydney, 2021","Napier Street, Sydney NSW 2021",Napier Street Paddington New South Wales 2021,Napier Street,Paddington,New South Wales,2021.0,,EVX,-33.88338043,151.220003,4,7,3,23,45,22
919,"Nowra Rd, Moss Vale, 2577","Nowra Road, Moss Vale NSW 2577",Nowra Road Moss Vale New South Wales 2577,Nowra Road,Moss Vale,New South Wales,2577.0,,Porsche Smart Mobility,-34.59692397,150.4412503,5,8,3,25,41,16
881,"Joadja Rd, Sydney, 2170","Joadja Road, Sydney NSW 2170",Dampier Place Prestons New South Wales 2170,Dampier Place,Prestons,New South Wales,2170.0,,NRMA,-33.9302513,150.8756286,4,7,3,23,43,20
884,"Kiewa St, Albury, 2640","Kiewa Street, Albury NSW 2640",Kiewa Street Albury New South Wales 2640,Kiewa Street,Albury,New South Wales,2640.0,,NRMA,-36.08379184,146.9148338,4,7,3,22,40,18
909,"Mortimer St, Mudgee, 2850","Mortimer Street, Mudgee NSW 2850",Farthing Lane Mudgee New South Wales 2850,Farthing Lane,Mudgee,New South Wales,2850.0,,NRMA,-32.59368073,149.5862633,4,7,3,25,41,16
879,"Jean Wailes Ave, Sydney, 2138","Jean Wailes Avenue, Sydney NSW 2138",1 Rider Boulevard Rhodes New South Wales 2138,1 Rider Boulevard,Rhodes,New South Wales,2138.0,,Chargefox,-33.83529434,151.0844314,5,8,3,29,45,16
905,"Methul St N, Coolamon, 2701","Methul Street N, Coolamon NSW 2701",Methul Street North Coolamon New South Wales 2701,Methul Street North,Coolamon,New South Wales,2701.0,,Exploren,-34.81361066,147.2015485,5,8,3,27,49,22
902,"Melyra Street, Grenfell, 2810","Melyra Street, Grenfell NSW 2810",Melyra Street Grenfell New South Wales 2810,Melyra Street,Grenfell,New South Wales,2810.0,,Exploren,-33.89200405,148.1607778,4,7,3,29,43,14
901,"Megalong Rd, Megalong Valley, 2785","Megalong Road, Megalong Valley NSW 2785",824 Megalong Road Blackheath New South Wales 2785,824 Megalong Road,Blackheath,New South Wales,2785.0,,Chargefox,-33.69583588,150.2530601,5,8,3,34,49,15
907,"Mitchell Pde, Mollymook Beach, 2539","Mitchell Parade, Mollymook Beach NSW 2539",Mitchell Parade Mollymook Beach New South Wales 2539,Mitchell Parade,Mollymook Beach,New South Wales,2539.0,,Porsche Smart Mobility,-35.32252857,150.485036,5,8,3,35,52,17
900,"McFarlane St, Sydney, 2160","Mcfarlane Street, Sydney NSW 2160",Treves Street Merrylands New South Wales 2160,Treves Street,Merrylands,New South Wales,2160.0,,Tesla,-33.83346051,150.9873373,4,7,3,26,45,19
899,"Market St, Merimbula, 2548","Market Street, Merimbula NSW 2548",Market Street Merimbula New South Wales 2548,Market Street,Merimbula,New South Wales,2548.0,,Tesla,-36.89278383,149.9090891,4,7,3,26,44,18
898,"M4 Motorway Westbound, Sydney, 2766","M4 Motorway Westbound, Sydney NSW 2766",Oporto Drive-Thru Eastern Creek New South Wales 2766,Oporto Drive-Thru,Eastern Creek,New South Wales,2766.0,,Ampol,-33.80214519,150.8802132,5,8,3,35,52,17
897,"Lovedale Rd, Lovedale, 2325","Lovedale Road, Lovedale NSW 2325",Lovedale Road Cessnock New South Wales 2325,Lovedale Road,Cessnock,New South Wales,2325.0,,Porsche Smart Mobility,-32.75337542,151.3714925,4,7,3,27,43,16
895,"Library Walk, Sydney, 2033","Library Walk, Sydney NSW 2033",Oval Lane Kensington New South Wales 2032,Oval Lane,Kensington,New South Wales,2032.0,,Chargefox,-33.91844849,151.2345085,4,7,3,26,41,15
508,"39 East Espl, Sydney, 2095","39 East Espl, Sydney NSW 2095",39 East Esplanade Manly New South Wales 2095,39 East Esplanade,Manly,New South Wales,2095.0,,Gentari,-33.79983388,151.286,5,8,3,26,44,18
421,"3 Fordham Way, Sydney, 2570","3 Fordham Way, Sydney NSW 2570",Fordham Way Oran Park New South Wales 2570,Fordham Way,Oran Park,New South Wales,2570.0,,Exploren,-34.00018823,150.7388438,5,8,3,27,42,15
244,"19 Narabang Way, Sydney, 2085","19 Narabang Way, Sydney NSW 2085",23 Narabang Way Sydney New South Wales 2085,23 Narabang Way,Sydney,New South Wales,2085.0,,Saascharge,-33.7073564,151.2121241,5,8,3,29,43,14
272,"2 Lachlan Valley Way, Cowra, 2794","2 Lachlan Valley Way, Cowra NSW 2794",Lachlan Valley Way Taragala New South Wales 2794,Lachlan Valley Way,Taragala,New South Wales,2794.0,,Non-networked,-33.83527532,148.6811792,6,8,2,33,48,15
268,"2 Hector Ct, Sydney, 2155","2 Hector Ct, Sydney NSW 2155",Hector Court Kellyville New South Wales 2155,Hector Court,Kellyville,New South Wales,2155.0,,Chargefox,-33.71912317,150.9544184,5,7,2,25,44,19
273,"2 Lachlan Valley Way, Cowra, 2794","2 Lachlan Valley Way, Cowra NSW 2794",Lachlan Valley Way Taragala New South Wales 2794,Lachlan Valley Way,Taragala,New South Wales,2794.0,,Tesla,-33.83547852,148.6817277,6,8,2,33,48,15
307,"2032 Camden Valley Way, Sydney, 2174","2032 Camden Valley Way, Sydney NSW 2174",Kibby Road Edmondson Park New South Wales 2174,Kibby Road,Edmondson Park,New South Wales,2174.0,,Exploren,-33.95508313,150.8622653,6,8,2,36,46,10
340,"227 Railway Terrace, Schofields NSW 2762","227 Railway Terrace, Schofields NSW 2762",227 Railway Terrace Schofields New South Wales 2762,227 Railway Terrace,Schofields,New South Wales,2762.0,,Evie,-33.705677,150.876075,6,8,2,40,51,11
325,"2197 Giinagay Way, Nambucca Heads, 2448","2197 Giinagay Way, Nambucca Heads NSW 2448",Marshall Way Nambucca Heads New South Wales 2448,Marshall Way,Nambucca Heads,New South Wales,2448.0,,Tesla,-30.65431636,152.986997,6,8,2,39,48,9
933,"Prince of Wales Dr, Sydney, 2073","Prince Of Wales Drive, Sydney NSW 2073",Alexander Walkway West Pymble New South Wales 2073,Alexander Walkway,West Pymble,New South Wales,2073.0,,Exploren,-33.76357562,151.1336246,6,8,2,32,50,18
942,"Riverside Dr, Jugiong, 2726","Riverside Drive, Jugiong NSW 2726",Riverside Drive New South Wales 2726,Riverside Drive,,New South Wales,2726.0,,NRMA,-34.82342947,148.3257027,4,6,2,27,36,9
419,"3 Columbia Way, Sydney, 2153","3 Columbia Way, Sydney NSW 2153",Windsor Road Norwest New South Wales 2153,Windsor Road,Norwest,New South Wales,2153.0,,Exploren,-33.73052857,150.9717377,5,7,2,28,41,13
1788,"Jessie St, Armidale NSW 2350, Australia","Jessie Street, Armidale NSW 2350",118a Jessie Street Armidale New South Wales 2350,118a Jessie Street,Armidale,New South Wales,2350.0,,Tesla,-30.5132305,151.6633637,6,8,2,39,48,9
1789,"Leisure Dr
Banora Point NSW 2486
Australia","Leisure Drive, Banora Point NSW 2486",126 Leisure Drive Tweed Heads New South Wales 2486,126 Leisure Drive,Tweed Heads,New South Wales,2486.0,Twin Towns Services Club Limited,Chargefox,-28.212505,153.5305931,7,9,2,42,50,8
1787,"Hope St, Blaxland NSW 2774, Australia","Hope Street, Blaxland NSW 2774",19 Hope Street Blaxland New South Wales 2774,19 Hope Street,Blaxland,New South Wales,2774.0,,Tesla,-33.7452292,150.6101288,6,8,2,37,44,7
890,"Lake Haven Dr, Lake Haven NSW 2263","Lake Haven Drive, Lake Haven NSW 2263",Lake Haven Drive Lake Haven New South Wales 2263,Lake Haven Drive,Lake Haven,New South Wales,2263.0,,Engie,-33.2445959,151.498974,7,9,2,34,48,14
1795,"Queens Rd
Five Dock NSW 2046
Australia","Queens Road, Five Dock NSW 2046",49 Queens Road Five Dock New South Wales 2046,49 Queens Road,Five Dock,New South Wales,2046.0,,Evie Networks,-33.8696308,151.1223747,7,9,2,38,45,7
891,"Lampe St, Talbingo, 2720","Lampe Street, Talbingo NSW 2720",Lampe Street New South Wales 2720,Lampe Street,,New South Wales,2720.0,,Chargefox,-35.58062367,148.3003804,4,6,2,24,33,9
906,"Milbrodale Road 1100, Broke, 2330","Milbrodale Road 1100, Broke NSW 2330",Milbrodale Road Broke New South Wales 2330,Milbrodale Road,Broke,New South Wales,2330.0,,ChargeHub,-32.75094099,151.0803403,5,7,2,33,42,9
908,"Moore St, Banksmeadow , 2019","Moore Street, Banksmeadow NSW 2019",Banks Avenue Eastgardens New South Wales 2036,Banks Avenue,Eastgardens,New South Wales,2036.0,,EVUp,-33.9452573,151.2222232,5,7,2,28,45,17
882,"John Renshaw Dr, Beresfield, 2322","John Renshaw Drive, Beresfield NSW 2322",Kinta Drive Beresfield New South Wales 2322,Kinta Drive,Beresfield,New South Wales,2322.0,,BP,-32.81193998,151.6394685,5,7,2,33,43,10
873,"Herbert St, Tooleybuc, 2736","Herbert Street, Tooleybuc NSW 2736",Lockhart Road New South Wales 2736,Lockhart Road,,New South Wales,2736.0,,Non-networked,-35.02423528,143.3367067,4,6,2,27,34,7
875,"Hermitage Road, Pokolbin, 2320","Hermitage Road, Pokolbin NSW 2320",Hermitage Road Cessnock New South Wales,Hermitage Road,Cessnock,New South Wales,,,Porsche Smart Mobility,-32.73467072,151.2624855,4,6,2,30,39,9
865,"Halls Rd, Pokolbin, 2320","Halls Road, Pokolbin NSW 2320",Halls Road Cessnock New South Wales,Halls Road,Cessnock,New South Wales,,,Porsche Smart Mobility,-32.77742747,151.3148879,4,6,2,24,35,11
917,"Newbridge Road 216, Sydney, 2170","Newbridge Road 216, Sydney NSW 2170",Nuwarra Road Moorebank New South Wales 2170,Nuwarra Road,Moorebank,New South Wales,2170.0,,Ampol,-33.92932037,150.9551001,5,7,2,32,43,11
841,"Cypress Dr, Pokolbin, 2320","Cypress Drive, Pokolbin NSW 2320",Vintage Avenue Cessnock New South Wales,Vintage Avenue,Cessnock,New South Wales,,,Tesla,-32.78510015,151.2896006,4,6,2,26,39,13
839,"Cowper Street, Warrawong, NSW 2502","Cowper Street, Warrawong NSW 2502",King Street Warrawong New South Wales 2502,King Street,Warrawong,New South Wales,2502.0,,EVUp,-34.4861592,150.8879279,5,7,2,34,42,8
927,"Parramatta Rd 214, Sydney, 2134","Parramatta Road 214, Sydney NSW 2134",Bennett Street Burwood New South Wales 2134,Bennett Street,Burwood,New South Wales,2134.0,,Everty,-33.86979084,151.1106677,5,7,2,31,43,12
848,"Don Kendell Dr, Forest Hill, 2651","Don Kendell Drive, Forest Hill NSW 2651",Walsh Drive Forest Hill New South Wales 2651,Walsh Drive,Forest Hill,New South Wales,2651.0,,Tesla,-35.15820325,147.4594585,6,8,2,33,44,11
1151,"117 Remembrance Driveway, Tahmoor NSW 2573","117 Remembrance Driveway, Tahmoor NSW 2573",111-117 Remembrance Driveway Tahmoor New South Wales 2573,111-117 Remembrance Driveway,Tahmoor,New South Wales,2573.0,Woolworths Tahmoor,Non-networked,-34.2232308,150.5930417,6,8,2,42,57,15
1184,"C/65 Reserve Rd, St Leonards NSW 2065","C/65 Reserve Road, Street Leonards NSW 2065",12 Frederick Street St Leonards New South Wales 2065,12 Frederick Street,St Leonards,New South Wales,2065.0,TLE Electrical - Artarmon,Non-networked,-33.8185641,151.1894192,7,9,2,37,52,15
1098,"Clarence St, Moss Vale NSW 2577, Australia","Clarence Street, Moss Vale NSW 2577",11-13 Clarence Street Moss Vale New South Wales 2577,11-13 Clarence Street,Moss Vale,New South Wales,2577.0,,NRMA Electric,-34.5484218,150.3735673,7,9,2,42,52,10
1030,"Alexander St
Crows Nest NSW 2065
Australia    ","Alexander Street, Crows Nest NSW 2065",107 Alexander Street Crows Nest New South Wales 2065,107 Alexander Street,Crows Nest,New South Wales,2065.0,,NRMA Electric,-33.8254711,151.2024328,7,9,2,46,52,6
978,"Wordsworth St, Byron Bay, NSW 2481","Wordsworth Street, Byron Bay NSW 2481",Wordsworth Street Byron Bay New South Wales 2481,Wordsworth Street,Byron Bay,New South Wales,2481.0,,EVX,-28.6420511,153.6097528,6,8,2,34,48,14
1022,Butler Rd Mascot NSW 2020 Australia,Butler Road Mascot NSW 2020,The Grand Parade Brighton-Le-Sands New South Wales 2216,The Grand Parade,Brighton-Le-Sands,New South Wales,2216.0,,BP Australia ,-33.9440348,151.1855682,6,8,2,35,55,20
1031,"450 Quakers Hill Pkwy, Quakers Hill NSW 2763","450 Quakers Hill Pkwy, Quakers Hill NSW 2763",454 Quakers Hill Parkway Quakers Hill New South Wales 2763,454 Quakers Hill Parkway,Quakers Hill,New South Wales,2763.0,,BP Australia ,-33.7299642,150.9022838,8,10,2,44,58,14
965,"Unit 10/1A Mitchell, Mollymook , 2539","Unit 10/1A Mitchell, Mollymook NSW 2539",Mitchell Parade Mollymook Beach New South Wales 2539,Mitchell Parade,Mollymook Beach,New South Wales,2539.0,,Tesla,-35.33529034,150.4724404,6,8,2,37,52,15
829,"Cnr Beggs Road & Rooty Hill Road, Sydney, 2766","Cnr Beggs Road & Rooty Hill Road, Sydney NSW 2766",159 Rooty Hill Road South Eastern Creek New South Wales 2766,159 Rooty Hill Road South,Eastern Creek,New South Wales,2766.0,,Chargefox,-33.7847568,150.8531011,9,11,2,46,60,14
817,"Cabarita Rd, Bogangar, 2488","Cabarita Road, Bogangar NSW 2488",Cabarita Road New South Wales 2488,Cabarita Road,,New South Wales,2488.0,,NRMA,-28.33169174,153.5641411,4,6,2,27,34,7
814,"Bryant Dr, Central Coast, 2259","Bryant Drive, Central Coast NSW 2259",Wyong Road Tuggerah New South Wales 2259,Wyong Road,Tuggerah,New South Wales,2259.0,,Tesla,-33.31010015,151.4206827,5,7,2,30,40,10
955,"Smith St, Newcastle West, NSW 2303","Smith Street, Newcastle West NSW 2303",Smith Street Newcastle West New South Wales 2302,Smith Street,Newcastle West,New South Wales,2302.0,,Chargefox,-32.9301582,151.7606336,6,8,2,34,48,14
1071,Auckland St Bega NSW 2550 Australia,Auckland Street Bega NSW 2550,182 Auckland Street Bega New South Wales 2550,182 Auckland Street,Bega,New South Wales,2550.0,,Tesla Motors ,-36.6784759,149.8397774,6,8,2,35,45,10
1067,Hill St Picton NSW 2571 Australia,Hill Street Picton NSW 2571,34A Hill Street Picton New South Wales 2571,34A Hill Street,Picton,New South Wales,2571.0,,BP Australia ,-34.1880903,150.6070342,6,8,2,33,43,10
1107,"1 Alternative Way, Nimbin NSW 2480","1 Alternative Way, Nimbin NSW 2480",1 Alternative Way Nimbin New South Wales 2480,1 Alternative Way,Nimbin,New South Wales,2480.0,Rainbow Power Company,Non-networked,-28.5953327,153.226753,6,8,2,34,45,11
1191,"35 Tumbalong Bvd, Haymarket NSW 2000","35 Tumbalong Bvd, Haymarket NSW 2000",81-83 Harbour Street Haymarket New South Wales 2000,81-83 Harbour Street,Haymarket,New South Wales,2000.0,Darling Square Car Park ,Non-networked,-33.8782742,151.2025947,6,8,2,36,51,15
721,"8 Kylie Clos, Central Coast, 2263","8 Kylie Clos, Central Coast NSW 2263",Kylie Close Lake Haven New South Wales 2263,Kylie Close,Lake Haven,New South Wales,2263.0,,Tesla,-33.24437942,151.5005706,6,8,2,33,43,10
659,"600 Kingsway, Sydney, 2228","600 Kingsway, Sydney NSW 2228",Kingsway Miranda New South Wales 2228,Kingsway,Miranda,New South Wales,2228.0,,Tesla,-34.03398503,151.0995746,4,6,2,26,37,11
795,"A/2 Macquarie St, Sydney, 2150","A/2 Macquarie Street, Sydney NSW 2150",Macquarie Street Sydney New South Wales 2150,Macquarie Street,Sydney,New South Wales,2150.0,,Exploren,-33.81408613,150.9991782,5,7,2,30,44,14
639,"59 The Centre, Sydney, 2087","59 The Centre, Sydney NSW 2087",The Centre Sydney New South Wales 2087,The Centre,Sydney,New South Wales,2087.0,,JOLT,-33.76210915,151.2142012,5,7,2,27,38,11
1758,"Brewer St
Concord NSW 2137
Australia","Brewer Street, Concord NSW 2137",17 Brewer Street Concord New South Wales 2137,17 Brewer Street,Concord,New South Wales,2137.0,,Evie Networks,-33.8538342,151.1054057,6,8,2,36,45,9
1755,"Banks St
East Maitland NSW 2323
Australia","Banks Street, East Maitland NSW 2323",51 Banks Street East Maitland New South Wales 2323,51 Banks Street,East Maitland,New South Wales,2323.0,EAST MAITLAND BOWLING CLUB.,Exploren,-32.748883,151.5811776,7,9,2,41,50,9
1768,"Coonabarabran Visitor Cntr, Coonabarabran, 2357","Coonabarabran Visitor Cntr, Coonabarabran NSW 2357",Newell Highway Coonabarabran New South Wales 2357,Newell Highway,Coonabarabran,New South Wales,2357.0,,NRMA,-31.27879984,149.2792432,5,7,2,47,49,2
759,"8s South Steyne, Sydney, 2095","8S South Steyne, Sydney NSW 2095",Ashburner Street Sydney New South Wales 2095,Ashburner Street,Sydney,New South Wales,2095.0,,Exploren,-33.79987792,151.2894434,5,7,2,29,44,15
662,"61 Hawkesbury Valley Way, Windsor, 2756","61 Hawkesbury Valley Way, Windsor NSW 2756",Rum Corp Lane Sydney New South Wales 2756,Rum Corp Lane,Sydney,New South Wales,2756.0,,Tesla,-33.60953258,150.8076797,6,8,2,39,41,2
689,"71 Bulahdelah Way, Bulahdelah, 2423","71 Bulahdelah Way, Bulahdelah NSW 2423",Bulahdelah Way Bulahdelah New South Wales 2423,Bulahdelah Way,Bulahdelah,New South Wales,2423.0,,Exploren,-32.40902707,152.2106787,5,7,2,35,46,11
660,"6056 Henry Parkes Way, Manildra, 2865","6056 Henry Parkes Way, Manildra NSW 2865",Henry Parkes Way Manildra New South Wales 2865,Henry Parkes Way,Manildra,New South Wales,2865.0,,Tesla,-33.18793998,148.5347007,6,8,2,37,46,9
834,"Cnr Herring Rd & Waterloo Rd, Sydney, 2113","Cnr Herring Road & Waterloo Road, Sydney NSW 2113",197-201 Herring Road Macquarie Park New South Wales 2113,197-201 Herring Road,Macquarie Park,New South Wales,2113.0,,Tesla,-33.77721726,151.1208809,8,9,1,42,56,14
910,"Mount View Rd, Mount View, 2325","Mount View Road, Mount View NSW 2325",Mount View Road Cessnock New South Wales,Mount View Road,Cessnock,New South Wales,,,Tesla,-32.83438043,151.2962412,6,7,1,31,40,9
1793,"Park Rd
Speers Point NSW 2284
Australia","Park Road, Speers Point NSW 2284",Park Road Speers Point New South Wales 2284,Park Road,Speers Point,New South Wales,2284.0,Lake Macquarie Council,Everty,-32.9612167,151.6209325,7,8,1,39,43,4
929,"Pine Tree Ln, Central Coast, 2260","Pine Tree Lane, Central Coast NSW 2260",Terrigal Esplanade Terrigal New South Wales 2260,Terrigal Esplanade,Terrigal,New South Wales,2260.0,,Tesla,-33.44812317,151.4453053,6,7,1,33,48,15
837,"Commercial St, Walla Walla, 2659","Commercial Street, Walla Walla NSW 2659",Commercial Street New South Wales 2659,Commercial Street,,New South Wales,2659.0,,NRMA,-35.76493698,146.901041,5,6,1,32,38,6
1791,"Morton St
Moree NSW 2400
Australia","Morton Street, Moree NSW 2400",Morton Street Moree New South Wales 2400,Morton Street,Moree,New South Wales,2400.0,Moree and District Services Club,Smart Charge,-29.4695982,149.848721,6,7,1,34,40,6
208,"1650 Alpine Way, Crackenback, 2627","1650 Alpine Way, Crackenback NSW 2627",Bullocks Drive New South Wales 2627,Bullocks Drive,,New South Wales,2627.0,,Chargefox,-36.44508413,148.4499129,5,6,1,34,35,1
1784,"Green St
Lockhart NSW 2656
Australia","Green Street, Lockhart NSW 2656",Green Street Lockhart New South Wales 2656,Green Street,Lockhart,New South Wales,2656.0,Lockhart Shire Council,Exploren,-35.2217005,146.7206963,6,7,1,36,42,6
338,"2260 Camden Valley Way, Sydney, 2170","2260 Camden Valley Way, Sydney NSW 2170",Campbelltown Road Casula New South Wales 2170,Campbelltown Road,Casula,New South Wales,2170.0,,JOLT,-33.95800605,150.8864635,6,7,1,36,45,9
1792,"Pacific Ave
Gerringong NSW 2534
Australia","Pacific Avenue, Gerringong NSW 2534",Pacific Avenue Gerringong New South Wales 2534,Pacific Avenue,Gerringong,New South Wales,2534.0,Gerringong Bowlo,EVSE,-34.7426897,150.8323348,6,7,1,41,46,5
894,"Leisure Haven Caravan Pk, Woollamia, 2540","Leisure Haven Caravan Pk, Woollamia NSW 2540",785 Woollamia Road New South Wales 2540,785 Woollamia Road,,New South Wales,2540.0,,Exploren,-35.02311116,150.6615756,6,7,1,41,39,-2
1786,"Hill St
Muswellbrook NSW 2333
Australia","Hill Street, Muswellbrook NSW 2333",Carl Street Muswellbrook New South Wales 2333,Carl Street,Muswellbrook,New South Wales,2333.0,Muswellbrook Shire Council,EVUp,-32.2619076,150.8940866,6,7,1,39,45,6
1790,"Loughnan St
Coolamon NSW 2701
Australia","Loughnan Street, Coolamon NSW 2701",Loughnan Street Coolamon New South Wales 2701,Loughnan Street,Coolamon,New South Wales,2701.0,Coolamon Shire Council,Exploren,-34.8145026,147.1957181,6,7,1,39,45,6
1785,"Hargreaves St
Unanderra NSW 2526
Australia","Hargreaves Street, Unanderra NSW 2526",Hargreaves Street Unanderra New South Wales 2526,Hargreaves Street,Unanderra,New South Wales,2526.0,Wests Illawarra,Exploren,-34.4519056,150.8425045,6,7,1,42,48,6
1782,"Gouldsbury St
Mosman NSW 2088
Australia","Gouldsbury Street, Mosman NSW 2088",Gouldsbury Street Mosman New South Wales 2088,Gouldsbury Street,Mosman,New South Wales,2088.0,,Evie Networks,-33.8276585,151.2423815,6,7,1,39,45,6
339,"2260 Camden Valley Way, Sydney, 2170","2260 Camden Valley Way, Sydney NSW 2170",Campbelltown Road Casula New South Wales 2170,Campbelltown Road,Casula,New South Wales,2170.0,,JOLT,-33.9581552,150.8866296,6,7,1,36,45,9
311,"2072 Camden Valley Way, Edmondson Park, NSW, 2174","2072 Camden Valley Way, Edmondson Park NSW 2174",Camden Valley Way Edmondson Park New South Wales 2174,Camden Valley Way,Edmondson Park,New South Wales,2174.0,,Ampol,-33.9558559,150.8648944,8,9,1,49,53,4
1806,"Yango St
Cessnock NSW 2325
Australia","Yango Street, Cessnock NSW 2325",Yango Street Cessnock New South Wales 2325,Yango Street,Cessnock,New South Wales,2325.0,Bridges Hill Park,EVSE,-32.8316554,151.3599738,6,7,1,36,42,6
1778,"Gasworks Ln, Molong, NSW, 2866, Australia","Gasworks Lane, Molong NSW 2866",Gasworks Lane Molong New South Wales 2866,Gasworks Lane,Molong,New South Wales,2866.0,,NRMA,-33.0912006,148.8706612,6,7,1,41,41,0
1777,"Forbes St
Grenfell NSW 2810
Australia","Forbes Street, Grenfell NSW 2810",Middle Street Grenfell New South Wales 2810,Middle Street,Grenfell,New South Wales,2810.0,Weddin Shire Council,Exploren,-33.8960764,148.1599851,6,7,1,37,43,6
1780,"Gordon Young Dr
South West Rocks NSW 2431
Australia","Gordon Young Drive, South West Rocks NSW 2431",Gordon Young Drive South West Rocks New South Wales 2431,Gordon Young Drive,South West Rocks,New South Wales,2431.0,Ingenia Holiday Parks - South West Rocks.,Exploren,-30.8897222,153.0329191,9,10,1,51,56,5
1779,"Golf Pl
Primbee NSW 2502
Australia","Golf Place, Primbee NSW 2502",Golf Place Primbee New South Wales 2502,Golf Place,Primbee,New South Wales,2502.0,Port Kembla Golf Club,EVSE,-34.5079997,150.8786484,6,7,1,34,39,5
1776,"Evans St
Randwick NSW 2031
Australia","Evans Street, Randwick NSW 2031",Huddart Lane Randwick New South Wales 2031,Huddart Lane,Randwick,New South Wales,2031.0,,PLUS ES,-33.9039196,151.2386892,6,7,1,36,42,6
1761,"Bulbodney St
Tottenham NSW 2873
Australia","Bulbodney Street, Tottenham NSW 2873",Meadowview Road Tottenham New South Wales 2873,Meadowview Road,Tottenham,New South Wales,2873.0,"War Memorial Hall, Tottenham",Exploren,-32.2494946,147.3540861,6,7,1,41,46,5
1286,"Opal Blvd
Korora NSW 2450
Australia","Opal Boulevard, Korora NSW 2450",Opal Boulevard Korora New South Wales 2450,Opal Boulevard,Korora,New South Wales,2450.0,,Non-networked,-30.2504419,153.1378036,6,7,1,35,42,7
1800,"Union Ln
Tumbarumba NSW 2653
Australia","Union Lane, Tumbarumba NSW 2653",Union Lane Tumbarumba New South Wales 2653,Union Lane,Tumbarumba,New South Wales,2653.0,Tumbarumba Overnight Camper Parking,Chargefox,-35.7759887,148.0108553,6,7,1,38,42,4
1799,"Twenty Four Ln
Moama NSW 2731
Australia","Twenty Four Lane, Moama NSW 2731",Twenty Four Lane Moama New South Wales 2731,Twenty Four Lane,Moama,New South Wales,2731.0,Rich River Golf Club,Smart Charge,-36.0390474,144.7327343,7,8,1,39,43,4
1781,"Gould Dr
Lemon Tree Passage NSW 2319
Australia","Gould Drive, Lemon Tree Passage NSW 2319",Gould Drive Lemon Tree Passage New South Wales 2319,Gould Drive,Lemon Tree Passage,New South Wales,2319.0,Club Lemon Tree,Exploren,-32.7344282,152.0354666,8,9,1,46,51,5
538,"417 Hinterland Way, Knockrow, 2479","417 Hinterland Way, Knockrow NSW 2479",Hinterland Way New South Wales 2479,Hinterland Way,,New South Wales,2479.0,,ChargePoint,-28.74979684,153.5343183,5,6,1,34,35,1
1757,"Bombah Point Rd
Bulahdelah NSW 2423
Australia","Bombah Point Road, Bulahdelah NSW 2423",Bombah Point Road Bulahdelah New South Wales 2423,Bombah Point Road,Bulahdelah,New South Wales,2423.0,NRMA Parks and Resorts,Chargefox,-32.4400154,152.2328245,7,8,1,45,49,4
1475,"30 The Esplanade
Narrabeen NSW 2101
Australia","30 The Esplanade, Narrabeen NSW 2101",30 The Esplanade Narrabeen New South Wales 2101,30 The Esplanade,Narrabeen,New South Wales,2101.0,,EVX,-33.7195338,151.2888594,7,8,1,45,47,2
763,"9 Eastern Valley Way, Northbridge NSW 2063","9 Eastern Valley Way, Northbridge NSW 2063",Eastern Valley Way Northbridge New South Wales 2063,Eastern Valley Way,Northbridge,New South Wales,2063.0,,Evie,-33.809326,151.208848,7,8,1,42,51,9
1759,"Brolga Pl
Coleambally NSW 2707
Australia","Brolga Place, Coleambally NSW 2707",33-35 Brolga Place New South Wales 2707,33-35 Brolga Place,,New South Wales,2707.0,Murrumbidgee Council,Chargefox,-34.8064795,145.8801759,6,7,1,40,39,-1
1284,"Dudley St
Oberon NSW 2787
Australia","Dudley Street, Oberon NSW 2787",Dudley Street Oberon New South Wales 2787,Dudley Street,Oberon,New South Wales,2787.0,Oberon Military Museum,Non-networked,-33.7063026,149.8629355,6,7,1,35,41,6
1287,"Riverside Cres
Brunswick Heads NSW 2483
Australia","Riverside Crescent, Brunswick Heads NSW 2483",Riverside Crescent Brunswick Heads New South Wales 2483,Riverside Crescent,Brunswick Heads,New South Wales,2483.0,,Non-networked,-28.5341264,153.537687,7,8,1,49,55,6
1289,"Stockton St
Nelson Bay NSW 2315
Australia","Stockton Street, Nelson Bay NSW 2315",Stockton Street Nelson Bay New South Wales 2315,Stockton Street,Nelson Bay,New South Wales,2315.0,,Non-networked,-32.7259601,152.1387343,7,8,1,41,47,6
1288,"Robertson St
Mudgee NSW 2850
Australia","Robertson Street, Mudgee NSW 2850",Robertson Street Mudgee New South Wales 2850,Robertson Street,Mudgee,New South Wales,2850.0,,Non-networked,-32.6115731,149.5911061,6,7,1,38,44,6
1281,"Aslings Beach Rd
Eden NSW 2551
Australia","Aslings Beach Road, Eden NSW 2551",Aslings Beach Road Eden New South Wales 2551,Aslings Beach Road,Eden,New South Wales,2551.0,Reflections Eden,Non-networked,-37.0563346,149.9121501,7,8,1,40,44,4
1162,"Bressington Park, Underwood Rd, Homebush NSW 2140","Bressington Park, Underwood Road, Homebush NSW 2140",Homebush Bay Drive Homebush New South Wales 2140,Homebush Bay Drive,Homebush,New South Wales,2140.0,Bressington Park Dog Park,Non-networked,-33.8528942,151.0801923,7,8,1,49,48,-1
1081,"East St, Harden NSW 2587, Australia","East Street, Harden NSW 2587",East Street Harden New South Wales 2587,East Street,Harden,New South Wales,2587.0,Cargo Road Wines,Non-Networked,-34.5624066,148.3641064,6,7,1,35,39,4
830,"Cnr Compton Drive & Cedar Cres, Ballina, 2478","Cnr Compton Drive & Cedar Crescent, Ballina NSW 2478",72 Cedar Crescent East Ballina New South Wales 2478,72 Cedar Crescent,East Ballina,New South Wales,2478.0,,Tesla,-28.86860365,153.5889309,8,9,1,45,51,6
904,"Merry Beach Rd, Kioloa, 2539","Merry Beach Road, Kioloa NSW 2539",Brace Close New South Wales 2539,Brace Close,,New South Wales,2539.0,,Exploren,-35.56540945,150.371977,5,6,1,28,32,4
1794,"Plumpton Rd
Kooringal NSW 2650
Australia","Plumpton Road, Kooringal NSW 2650",Plumpton Road Kooringal New South Wales 2650,Plumpton Road,Kooringal,New South Wales,2650.0,Wagga Wagga Country Club,Noodoe,-35.1520396,147.3705687,6,7,1,40,44,4
1797,"Squires Way
North Wollongong NSW 2500
Australia","Squires Way, North Wollongong NSW 2500",Squires Way North Wollongong New South Wales 2500,Squires Way,North Wollongong,New South Wales,2500.0,UOW Science Space,Chargefox,-34.4043033,150.8998778,7,8,1,47,49,2
1020,"Ozone St, Chinderah NSW 2487, Australia","Ozone Street, Chinderah NSW 2487",Ozone Street Chinderah New South Wales 2487,Ozone Street,Chinderah,New South Wales,2487.0,,Tesla Motors ,-28.2444054,153.5574467,6,7,1,39,43,4
1070,4/6 Niangala Clos Belrose NSW 2085 Australia,"4/6 Niangala Clos Belrose, NSW 2085",4-6 Niangala Close Sydney New South Wales 2085,4-6 Niangala Close,Sydney,New South Wales,2085.0,,Tesla Motors ,-33.7034771,151.2131487,7,8,1,44,46,2
1040,King St Warrawong NSW 2502 Australia,King Street Warrawong NSW 2502,King Street Warrawong New South Wales 2502,King Street,Warrawong,New South Wales,2502.0,,BP Australia ,-34.4881789,150.8880738,6,7,1,36,42,6
1010,"Buchanan Dr, South West Rocks NSW 2431, Australia","Buchanan Drive, South West Rocks NSW 2431",Buchanan Drive South West Rocks New South Wales 2431,Buchanan Drive,South West Rocks,New South Wales,2431.0,Kempsey Shire Council,Exploren,-30.88653,153.0379572,8,9,1,49,52,3
988,Ross Smith Ave Mascot NSW 2020 Australia,Ross Smith Avenue Mascot NSW 2020,Ross Smith Avenue Mascot New South Wales 2020,Ross Smith Avenue,Mascot,New South Wales,2020.0,,Tesla Motors ,-33.9380083,151.1924793,7,8,1,40,45,5
1072,"Grafton St, Coffs Harbour NSW 2450, Australia","Grafton Street, Coffs Harbour NSW 2450",Grafton Street Coffs Harbour New South Wales 2450,Grafton Street,Coffs Harbour,New South Wales,2450.0,,Tesla Motors ,-30.2955876,153.1146281,7,8,1,45,49,4
1078,11 The Boulevarde Strathfield NSW 2135 Australia,"11 The Boulevarde Strathfield, NSW 2135",11 The Boulevarde Strathfield New South Wales 2135,11 The Boulevarde,Strathfield,New South Wales,2135.0,,Tesla Motors ,-33.8732249,151.0931072,7,8,1,48,50,2
1771,"Cressy St
Deniliquin NSW 2710
Australia","Cressy Street, Deniliquin NSW 2710",Cressy Street Deniliquin New South Wales 2710,Cressy Street,Deniliquin,New South Wales,2710.0,Edward River Council,Exploren,-35.5268433,144.9609962,6,7,1,39,45,6
1765,"Clarence St
Tabulam NSW 2469
Australia","Clarence Street, Tabulam NSW 2469",Clarence Street Tabulam New South Wales 2469,Clarence Street,Tabulam,New South Wales,2469.0,Kyogle Council,Exploren,-28.8890741,152.5677423,6,7,1,38,44,6
1803,"Whylandra St
Dubbo NSW 2830
Australia","Whylandra Street, Dubbo NSW 2830",Whylandra Street Dubbo New South Wales 2830,Whylandra Street,Dubbo,New South Wales,2830.0,NRMA Parks and Resorts,Chargefox,-32.2484702,148.5931277,6,7,1,37,43,6
1802,"Whitton St
Harden NSW 2587
Australia","Whitton Street, Harden NSW 2587",Whitton Street Harden New South Wales 2587,Whitton Street,Harden,New South Wales,2587.0,The Old Bakery Guesthouse,Exploren,-34.5543461,148.369572,6,7,1,36,42,6
1801,"Victoria Hill Rd
Adelong NSW 2729
Australia","Victoria Hill Road, Adelong NSW 2729",Victoria Hill Road Adelong New South Wales 2729,Victoria Hill Road,Adelong,New South Wales,2729.0,Adelong Golden Gully Carpark,Non-networked,-35.3062556,148.0642927,7,8,1,43,47,4
65,"1034 The Escort Way, Borenore, 2800","1034 The Escort Way, Borenore NSW 2800",The Escort Way New South Wales 2800,The Escort Way,,New South Wales,2800.0,,Tesla,-33.25922627,149.00404,6,7,1,35,35,0
1048,"Mitchell Ave, Khancoban NSW 2642, Australia","Mitchell Avenue, Khancoban NSW 2642",Mitchell Avenue Khancoban New South Wales 2642,Mitchell Avenue,Khancoban,New South Wales,2642.0,Elizabeth Motor Inn Adamstown,Non-Networked,-36.2140735,148.1324093,6,7,1,43,46,3
992,"Campbell Pde
Bondi Beach NSW 2026
Australia    ","Campbell Parade, Bondi Beach NSW 2026",Campbell Parade Bondi Beach New South Wales 2026,Campbell Parade,Bondi Beach,New South Wales,2026.0,,Fast Cities A,-33.8897295,151.2797592,7,8,1,47,48,1
977,"Wolgan Rd, Wolgan Valley, 2790","Wolgan Road, Wolgan Valley NSW 2790",Wolgan Road New South Wales 2790,Wolgan Road,,New South Wales,2790.0,,Porsche Destination Charging,-33.2273524,150.1924444,5,6,1,30,32,2
993,"Ewingsdale Rd, Byron Bay NSW 2481, Australia","Ewingsdale Road, Byron Bay NSW 2481",Ewingsdale Road Byron Bay New South Wales 2481,Ewingsdale Road,Byron Bay,New South Wales,2481.0,,Tesla Motors ,-28.6380154,153.5859269,7,8,1,44,46,2
802,"Ascot St, Sydney, 2033","Ascot Street, Sydney NSW 2033",Randwick New South Wales 2031,,Randwick,New South Wales,2031.0,,Exploren,-33.90838043,151.2263453,4,5,1,22,29,7
804,"B640 Princes Hwy, Berry, 2535","B640 Princes Highway, Berry NSW 2535",Princes Highway New South Wales 2535,Princes Highway,,New South Wales,2535.0,,Tesla,-34.80794299,150.637044,5,6,1,29,36,7
815,"Buchanan Dr
South West Rocks NSW 2431
Australia","Buchanan Drive, South West Rocks NSW 2431",Buchanan Drive South West Rocks New South Wales 2431,Buchanan Drive,South West Rocks,New South Wales,2431.0,Kempsey Shire Council,Exploren,-30.88653,153.0379572,8,9,1,47,52,5
954,"Skillman's Lane, Coonamble, NSW 2829, Australia","Skillman'S Lane, Coonamble NSW 2829",Meehan Street Yass New South Wales 2582,Meehan Street,Yass,New South Wales,2582.0,,NRMA,-34.8411047,148.912197,6,7,1,47,39,-8
1092,"Avenue of Europe, Newington NSW 2127, Australia","Avenue Of Europe, Newington NSW 2127",Avenue of Europe Newington New South Wales 2127,Avenue of Europe,Newington,New South Wales,2127.0,,Fast Cities A,-33.8342986,151.0564365,7,8,1,47,47,0
913,"Mulgoa Rd & Wolseley St, Sydney, 2750","Mulgoa Road & Wolseley Street, Sydney NSW 2750",Wolseley Street Jamisontown New South Wales 2750,Wolseley Street,Jamisontown,New South Wales,2750.0,,Tesla,-33.76959064,150.6717908,7,7,0,37,48,11
833,"Cnr Herring & Waterloo Rd, North Ryde NSW 2113","Cnr Herring & Waterloo Road, North Ryde NSW 2113",197-201 Herring Road Macquarie Park New South Wales 2113,197-201 Herring Road,Macquarie Park,New South Wales,2113.0,,Evie,-33.776893,151.122247,9,9,0,46,56,10
868,"Hassall Street & James Rouse Drive, Sydney, 2142","Hassall Street & James Rouse Drive, Sydney NSW 2142",113 Hassall Street Rosehill New South Wales 2142,113 Hassall Street,Rosehill,New South Wales,2142.0,,BP,-33.81968873,151.0213023,8,8,0,48,48,0
903,"Merewether St & Wharf Rd, Newcastle , 2300","Merewether Street & Wharf Road, Newcastle NSW 2300",21 Merewether Street Newcastle New South Wales 2300,21 Merewether Street,Newcastle,New South Wales,2300.0,,Tesla,-32.92522927,151.7732092,8,8,0,42,51,9
832,"Cnr Elara Bvd &, Northbourne Dr, Sydney, 2765","Cnr Elara Bvd &, Northbourne Drive, Sydney NSW 2765",Wimlah Glade Marsden Park New South Wales 2765,Wimlah Glade,Marsden Park,New South Wales,2765.0,,Evie,-33.69514919,150.8213664,8,8,0,45,46,1
256,"1985 Camden Valley Way, Prestons NSW 2170","1985 Camden Valley Way, Prestons NSW 2170",Corfield Road Prestons New South Wales 2170,Corfield Road,Prestons,New South Wales,2170.0,,Evie,-33.95224765,150.8557529,7,7,0,41,43,2
414,"3 Bowden Way
Beresfield NSW 2322
Australia","3 Bowden Way, Beresfield NSW 2322",Bowden Way Beresfield New South Wales 2322,Bowden Way,Beresfield,New South Wales,2322.0,Thynk Beresfield,Non-networked,-32.8026234,151.6332904,7,7,0,42,42,0
1285,"Lockhart Rd
Tooleybuc NSW 2736
Australia","Lockhart Road, Tooleybuc NSW 2736",Lockhart Road New South Wales 2736,Lockhart Road,,New South Wales,2736.0,,Non-networked,-34.9966694,143.3321113,6,6,0,40,34,-6
1310,"18 Diggings Ter
Thredbo NSW 2625
Australia","18 Diggings Ter, Thredbo NSW 2625",1 Diggings Terrace New South Wales 2625,1 Diggings Terrace,,New South Wales,2625.0,Sydney Ski Club,EVUp,-36.5070831,148.3012364,7,7,0,42,39,-3
1366,"2 The Corso
Gorokan NSW 2263
Australia","2 The Corso, Gorokan NSW 2263",The Corso Gorokan New South Wales 2263,The Corso,Gorokan,New South Wales,2263.0,Bridgeview Motel,Exploren,-33.2597527,151.516506,7,7,0,38,38,0
1772,"Cullinga Rd
Wallendbeen NSW 2588
Australia","Cullinga Road, Wallendbeen NSW 2588",Cullinga Road New South Wales 2590,Cullinga Road,,New South Wales,2590.0,Wallendbeen Park Farm,Exploren,-34.5615547,148.1710149,6,6,0,42,34,-8
1760,"Budden St
Rockley NSW 2795
Australia","Budden Street, Rockley NSW 2795",Budden Street New South Wales 2795,Budden Street,,New South Wales,2795.0,Bathurst Regional Council,Exploren,-33.6897651,149.5663856,6,6,0,36,34,-2
877,"Horderns Rd, Bowral, 2576","Horderns Road, Bowral NSW 2576",Bowral New South Wales,,Bowral,New South Wales,,,Porsche Smart Mobility,-34.49890695,150.4816156,4,4,0,25,22,-3
864,"Griffith St, Tweed Heads, 2485","Griffith Street, Tweed Heads NSW 2485",Stuart Street Coolangatta Queensland 4225,Stuart Street,Coolangatta,Queensland,4225.0,,Chargefox,-28.16872577,153.5430551,5,5,0,30,41,11
916,"NARELLAN RD CNR MAXWELL PL, Sydney, 2567","Narellan Road Cnr Maxwell Place, Sydney NSW 2567",Narellan Road Narellan New South Wales 2567,Narellan Road,Narellan,New South Wales,2567.0,,Ampol,-34.04010015,150.7435405,7,7,0,40,43,3
1118,"1 Biripi Wy, Taree South NSW 2430","1 Biripi Wy, Taree South NSW 2430",Biripi Way Taree New South Wales 2430,Biripi Way,Taree,New South Wales,2430.0,Mid Coast Council,Non-networked,-31.9341846,152.4649828,7,7,0,33,37,4
1079,"Bp Rydalmere, 265 Victoria Rd, Rydalmere, NSW, 2116, Australia","Bp Rydalmere, 265 Victoria Road, Rydalmere NSW 2116",898-902 Victoria Road West Ryde New South Wales 2114,898-902 Victoria Road,West Ryde,New South Wales,2114.0,,BP Australia ,-33.8118926,151.0947271,9,9,0,62,52,-10
1196,"100 Centennial Cirt
Byron Bay NSW 2481
Australia","100 Centennial Cirt, Byron Bay NSW 2481",Centennial Circuit Byron Bay New South Wales 2481,Centennial Circuit,Byron Bay,New South Wales,2481.0,Stone & Wood Brewery Byron Bay,Non-networked,-28.6373442,153.5806246,8,8,0,48,49,1
1238,"3 Bowden Way
Beresfield NSW 2322
Australia","3 Bowden Way, Beresfield NSW 2322",Bowden Way Beresfield New South Wales 2322,Bowden Way,Beresfield,New South Wales,2322.0,THYNK Cafe + Bar,Non-networked,-32.8032274,151.6327583,7,7,0,42,42,0
806,"Banyandah St, South Durras, 2536","Banyandah Street, South Durras NSW 2536",Banyandah Street New South Wales,Banyandah Street,,New South Wales,,,Chargefox,-35.66760265,150.2992292,5,5,0,32,32,0
805,"B640 Princes Hwy, Jaspers Brush, 2535","B640 Princes Highway, Jaspers Brush NSW 2535",Princes Highway New South Wales 2535,Princes Highway,,New South Wales,2535.0,,Tesla,-34.80908213,150.6371221,6,6,0,37,36,-1
1513,"36 Telopea Way
Orange NSW 2800
Australia","36 Telopea Way, Orange NSW 2800",Telopea Way Bletchington New South Wales 2800,Telopea Way,Bletchington,New South Wales,2800.0,Orange Waratah Sports Club ,Exploren,-33.2492129,149.1016696,7,7,0,40,45,5
1762,"Burkinshaw St
Barooga NSW 3644
Australia","Burkinshaw Street, Barooga NSW 3644",Burkinshaw Street New South Wales 3644,Burkinshaw Street,,New South Wales,3644.0,Berrigan Shire,Non-networked,-35.9066869,145.6880429,6,6,0,40,38,-2
1774,"Davis St
Currabubula NSW 2342
Australia","Davis Street, Currabubula NSW 2342",Davis Street New South Wales 2342,Davis Street,,New South Wales,2342.0,Currabubula Recreation Grounds,Exploren,-31.2621086,150.7363082,6,6,0,39,33,-6
1653,"67-71 Bulahdelah Way
Bulahdelah NSW 2423
Australia","67-71 Bulahdelah Way, Bulahdelah NSW 2423",Booloombayt Lane Bulahdelah New South Wales 2423,Booloombayt Lane,Bulahdelah,New South Wales,2423.0,Bulahdelah Motor Lodge,Non-networked,-32.4092056,152.2106639,7,7,0,50,48,-2
852,"f 419 Hinterland Wy, Knockrow , 2479","F 419 Hinterland Wy, Knockrow NSW 2479",Hinterland Way New South Wales 2479,Hinterland Way,,New South Wales,2479.0,,Tesla,-28.74953958,153.5347227,7,6,-1,36,35,-1
836,"Cnr Trafalgar St & Pembroke St, Sydney, 2024","Cnr Trafalgar Street & Pembroke Street, Sydney NSW 2024",Trafalgar Street Bronte New South Wales 2024,Trafalgar Street,Bronte,New South Wales,2024.0,,Chargefox,-33.90722527,151.2647708,8,7,-1,44,44,0
1783,"Gradys Creek Rd
Gradys Creek NSW 2474
Australia","Gradys Creek Road, Gradys Creek NSW 2474",Gradys Creek Road New South Wales 2474,Gradys Creek Road,,New South Wales,2474.0,Ripples on the Creek,Exploren,-28.4367634,152.9589563,8,7,-1,47,38,-9
925,"Pacific Hwy Cnr, 13-15 Costa Ave, Charmhaven NSW 2263","Pacific Highway Cnr, 13-15 Costa Avenue, Charmhaven NSW 2263",Costa Avenue San Remo New South Wales 2262,Costa Avenue,San Remo,New South Wales,2262.0,,Ampol,-33.2179895,151.5103011,9,8,-1,53,42,-11
831,"Cnr Dunheved Rd & Henry Lawson Dr, Werrington, NSW, 2747","Cnr Dunheved Road & Henry Lawson Drive, Werrington NSW 2747",11 Dunheved Road Werrington County New South Wales 2747,11 Dunheved Road,Werrington County,New South Wales,2747.0,,Ampol,-33.7463077,150.7413197,10,9,-1,56,55,-1
835,"Cnr Miller & Amherst St, Cammeray NSW 2062","Cnr Miller & Amherst Street, Cammeray NSW 2062",Amherst Street Cammeray New South Wales 2062,Amherst Street,Cammeray,New South Wales,2062.0,,Evie,-33.82301829,151.2093468,8,7,-1,42,44,2
1858,"1056 Alpine Way
Crackenback NSW 2627
Australia","1056 Alpine Way, Crackenback NSW 2627",Alpine Way New South Wales 2627,Alpine Way,,New South Wales,2627.0,Pender Lea Chalets,Chargefox,-36.4425676,148.4989131,7,6,-1,46,31,-15
1798,"Thornton Library
Taylor Avenue
Thornton NSW 2322
Australia","Thornton Library, Taylor Avenue, Thornton NSW 2322",Taylor Avenue Thornton New South Wales 2322,Taylor Avenue,Thornton,New South Wales,2322.0,Thornton Library,Exploren,-32.777545,151.6403604,8,7,-1,58,43,-15
1654,"679 Woomargama Way
Woomargama NSW 2644
Australia","679 Woomargama Way, Woomargama NSW 2644",Woomargama Way New South Wales 2644,Woomargama Way,,New South Wales,2644.0,Woomargama Village Hotel Motel,EVUp,-35.8332433,147.2484602,7,6,-1,48,35,-13
580,"490 Macleay Valley Way, South Kempsey, 2440","490 Macleay Valley Way, South Kempsey NSW 2440",Macleay Valley Way New South Wales,Macleay Valley Way,,New South Wales,,,Exploren,-31.11738843,152.8269229,7,6,-1,43,34,-9
1341,"2 Blue Marlin Ct
Eden NSW 2551
Australia","2 Blue Marlin Ct, Eden NSW 2551",Princes Highway Eden New South Wales 2551,Princes Highway,Eden,New South Wales,2551.0,Eden Motel,Elanga,-37.0509798,149.901281,8,7,-1,40,41,1
1773,"Cygnet Ave
Shellharbour City Centre NSW 2529
Australia","Cygnet Avenue, Shellharbour City Centre NSW 2529",Shellharbour City Centre New South Wales 2529,,Shellharbour City Centre,New South Wales,2529.0,Shellharbour City Council,Chargefox,-34.565502,150.8334516,8,7,-1,54,45,-9
1804,"Wilson St
The Rock NSW 2655
Australia","Wilson Street, The Rock NSW 2655",Wilson Street New South Wales 2655,Wilson Street,,New South Wales,2655.0,Lockhart Shire Council,Exploren,-35.2666661,147.11016,7,6,-1,37,34,-3
822,"Car park, Little Hoskins St, Temora, NSW 2666","Car Park, Little Hoskins Street, Temora NSW 2666",Apsley Street Walcha New South Wales 2354,Apsley Street,Walcha,New South Wales,2354.0,,NRMA,-30.9827002,151.5928644,8,7,-1,45,41,-4
820,"Car Park behind the Civic Centre, Orange, 2800","Car Park Behind The Civic Centre, Orange NSW 2800",March Street Bowen New South Wales 2800,March Street,Bowen,New South Wales,2800.0,,NRMA,-33.28142647,149.1027898,8,7,-1,46,39,-7
1016,"West Ryde Marketplace
14 Anthony Rd, West Ryde NSW 2114","West Ryde Marketplace, 14 Anthony Road, West Ryde NSW 2114",14 Anthony Road West Ryde New South Wales 2114,14 Anthony Road,West Ryde,New South Wales,2114.0,,Fast Cities A,-33.8064638,151.0883017,10,9,-1,55,46,-9
1210,"170 Fernleigh Clos
Windellama NSW 2580
Australia","170 Fernleigh Clos, Windellama NSW 2580",Fernleigh Close New South Wales 2580,Fernleigh Close,,New South Wales,2580.0,Hobby Sheep Farm,Non-networked,-35.02389,149.8294783,7,6,-1,48,36,-12
1091,"Bp Normanhurst, 155 Pennant Hills Rd, Normanhurst NSW 2076, Australia","Bp Normanhurst, 155 Pennant Hills Road, Normanhurst NSW 2076",155 Pennant Hills Road Normanhurst New South Wales 2076,155 Pennant Hills Road,Normanhurst,New South Wales,2076.0,,BP Australia ,-33.7245,151.0901,10,9,-1,69,55,-14
1083,"Bp Moorebank, 226/228 Newbridge Rd, Moorebank NSW 2170","Bp Moorebank, 226/228 Newbridge Road, Moorebank NSW 2170",Newbridge Road Moorebank New South Wales 2170,Newbridge Road,Moorebank,New South Wales,2170.0,,BP Australia ,-33.9293332,150.9532015,8,7,-1,54,45,-9
1058,"Bp Dundas, 256 Kissing Point Rd, Dundas Valley NSW 2117, Australia","Bp Dundas, 256 Kissing Point Road, Dundas Valley NSW 2117",256 Kissing Point Road Dundas Valley New South Wales 2117,256 Kissing Point Road,Dundas Valley,New South Wales,2117.0,,BP Australia ,-33.7989253,151.0543765,11,10,-1,66,57,-9
818,"Camden Valley Way &, Somerset Ave, Narellan NSW 2567","Camden Valley Way &, Somerset Avenue, Narellan NSW 2567",Camden Valley Way Narellan New South Wales 2567,Camden Valley Way,Narellan,New South Wales,2567.0,,Evie,-34.0397301,150.7385139,9,8,-1,52,47,-5
1340,"2 Biripi Way
Taree South NSW 2430
Australia","2 Biripi Way, Taree South NSW 2430",Biripi Way Taree New South Wales 2430,Biripi Way,Taree,New South Wales,2430.0,Yalawanyi Gunya,Exploren,-31.9340892,152.4653805,8,7,-1,43,37,-6
1764,"Caves Rd
Mitchell Highway
Wellington NSW 2820
Australia","Caves Road, Mitchell Highway, Wellington NSW 2820",Mitchell Highway New South Wales 2820,Mitchell Highway,,New South Wales,2820.0,Dubbo Regional Council,Smart Charge,-32.6202413,148.9470403,8,6,-2,55,37,-18
1063,"Cnr Swallow & Peppertree Drive, Erskine Park NSW 2759, Australia","Cnr Swallow & Peppertree Drive, Erskine Park NSW 2759",Peppertree Drive Erskine Park New South Wales 2759,Peppertree Drive,Erskine Park,New South Wales,2759.0,,Fast Cities A,-33.8041175,150.7988975,10,8,-2,64,50,-14
1068,"Bp Mortdale, 21 Boundary Rd, Mortdale NSW 2223, Australia","Bp Mortdale, 21 Boundary Road, Mortdale NSW 2223",Boundary Road Oatley New South Wales 2223,Boundary Road,Oatley,New South Wales,2223.0,,BP Australia ,-33.970669,151.073689,9,7,-2,57,41,-16
1767,"Combo St
Goolgowi NSW 2652
Australia","Combo Street, Goolgowi NSW 2652",New South Wales 2652,,,New South Wales,2652.0,Goolgowi Caravan Park,Exploren,-33.9803438,145.7073444,6,4,-2,36,20,-16
1053,"Bp Marsden Park, 851 Richmond Road, Marsden Park NSW 2765, Australia","Bp Marsden Park, 851 Richmond Road, Marsden Park NSW 2765",851 Richmond Road Colebee New South Wales 2761,851 Richmond Road,Colebee,New South Wales,2761.0,,BP Australia ,-33.7195232,150.8449177,11,8,-3,68,46,-22
838,"Corner of Snowy River Avenue and Kalkite St, Jindabyne, 2627","Corner Of Snowy River Avenue And Kalkite Street, Jindabyne NSW 2627",Kalkite Street Jindabyne New South Wales 2627,Kalkite Street,Jindabyne,New South Wales,2627.0,,NRMA,-36.415952,148.6198038,10,7,-3,60,45,-15
1796,"Riverglade Caravan Park
2 Fitzroy St
Tumut NSW 2720
Australia","Riverglade Caravan Park, 2 Fitzroy Street, Tumut NSW 2720",Wetlands Walk Tumut New South Wales 2720,Wetlands Walk,Tumut,New South Wales,2720.0,Riverglade Caravan Park,Elanga,-35.2947005,148.2198133,10,7,-3,61,40,-21
1763,"Cabarita Beach Bowls and Sports Club, Cabarita Beach NSW 2488","Cabarita Beach Bowls And Sports Club, Cabarita Beach NSW 2488",47 Cabarita Road New South Wales 2488,47 Cabarita Road,,New South Wales,2488.0,,NRMA,-28.332159,153.5641479,10,7,-3,61,37,-24
1769,Corner Sturgeon St & Glenelg St Raymond Terrace NSW 2324 Australia,Corner Sturgeon Street & Glenelg Street Raymond Terrace NSW 2324,Glenelg Street Raymond Terrace New South Wales 2324,Glenelg Street,Raymond Terrace,New South Wales,2324.0,,Tesla,-32.7645423,151.7425233,11,8,-3,66,51,-15
1766,"Cnr Cumberland Hwy & Cabramatta Rd W, Cabramatta NSW 2166, Australia","Cnr Cumberland Highway & Cabramatta Road W, Cabramatta NSW 2166",Joseph Street Cabramatta West New South Wales 2166,Joseph Street,Cabramatta West,New South Wales,2166.0,,BP,-33.8993725,150.9191077,11,8,-3,68,50,-18
1282,"Cnr Princes Hwy & Golf Ave
Mollymook NSW 2539
Australia","Cnr Princes Highway & Golf Avenue, Mollymook NSW 2539",Golf Avenue Mollymook New South Wales 2539,Golf Avenue,Mollymook,New South Wales,2539.0,Mollymook Motel,Non-networked,-35.3435245,150.4733591,10,7,-3,55,42,-13
1283,"Cnr Ross Street & Pacific Parade
LENNOX HEAD NSW 2478
Australia","Cnr Ross Street & Pacific Parade, Lennox Head NSW 2478",Pacific Parade Lennox Head New South Wales 2478,Pacific Parade,Lennox Head,New South Wales,2478.0,Reflections Lennox Head,Non-networked,-28.7865684,153.5933939,11,8,-3,63,47,-16
986,"Stoney Creek Road Car Park, 497 Forest Rd, Bexley, 2207, NSW","Stoney Creek Road Car Park, 497 Forest Road, Bexley, 2207 NSW",Stoney Creek Road Bexley New South Wales 2207,Stoney Creek Road,Bexley,New South Wales,2207.0,,Fast Cities A,-33.9493369,151.1163356,11,8,-3,60,45,-15
1082,"Bp Bonnyrigg, CNR COWPASTURE & NTH LIVERPOOL RDS, Bonnyrigg NSW 2177, Australia","Bp Bonnyrigg, Cnr Cowpasture & Nth Liverpool Rds, Bonnyrigg NSW 2177",North Liverpool Road Bonnyrigg Heights New South Wales 2177,North Liverpool Road,Bonnyrigg Heights,New South Wales,2177.0,,BP Australia ,-33.8942808,150.8579509,12,9,-3,79,59,-20
821,"Car park, 51 Evans St (Victoria Park), Inverell, NSW 2360, Australia","Car Park, 51 Evans Street (Victoria Park), Inverell NSW 2360",Wiradjuri Trail Wagga Wagga New South Wales 2650,Wiradjuri Trail,Wagga Wagga,New South Wales,2650.0,,NRMA,-35.1086448,147.3732036,11,8,-3,68,48,-20
886,"Kintore Headframe Car Park, 51 Bromide St, Broken Hill, NSW 2880, Australia","Kintore Headframe Car Park, 51 Bromide Street, Broken Hill NSW 2880",14 Ross Street Wilcannia New South Wales 2836,14 Ross Street,Wilcannia,New South Wales,2836.0,,NRMA,-31.557857,143.3855021,12,8,-4,75,45,-30
946,"Rosevillle Railway Station, Hill Street, Roseville, New South Wales 2069, Australia","Rosevillle Railway Station, Hill Street, Roseville, New South Wales NSW 2069",Hill Street Roseville New South Wales 2069,Hill Street,Roseville,New South Wales,2069.0,,JOLT,-33.782904,151.175213,11,7,-4,83,42,-41
840,"Cronulla Railway Station, Tonkin Street, Cronulla, New South Wales 2230, Australia","Cronulla Railway Station, Tonkin Street, Cronulla, New South Wales NSW 2230",Cronulla Street Cronulla New South Wales 2230,Cronulla Street,Cronulla,New South Wales,2230.0,,JOLT,-34.05771,151.151975,11,7,-4,82,45,-37
920,"Oatley Railway Station, Oatley Pde, Oatley, New South Wales 2223, Australia","Oatley Railway Station, Oatley Parade, Oatley, New South Wales NSW 2223",Oatley Parade Oatley New South Wales 2223,Oatley Parade,Oatley,New South Wales,2223.0,,JOLT,-33.981453,151.079434,11,7,-4,75,41,-34
928,"Penrith Railway Station, Jane St, Penrith, New South Wales 2750, Australia","Penrith Railway Station, Jane Street, Penrith, New South Wales NSW 2750",Jane Street Penrith New South Wales 2750,Jane Street,Penrith,New South Wales,2750.0,,JOLT,-33.750304,150.694089,11,7,-4,74,40,-34
810,"Berowra Railway Station, Pacific Highway, Berowra, New South Wales 2081, Australia","Berowra Railway Station, Pacific Highway, Berowra, New South Wales NSW 2081",Pacific Highway Sydney New South Wales 2081,Pacific Highway,Sydney,New South Wales,2081.0,,JOLT,-33.623906,151.151802,11,7,-4,82,43,-39
967,"University of Wollongong, Northfields Avenue, Wollongong NSW 2522, Australia","University Of Wollongong, Northfields Avenue, Wollongong NSW 2522",Keiraville New South Wales 2500,,Keiraville,New South Wales,2500.0,,Chargefox,-34.4079569,150.877135,9,5,-4,76,31,-45
997,"Charter Hall Lake Macquarie, 46 Wilson Road, Mount Hutton NSW 2290, Australia","Charter Hall Lake Macquarie, 46 Wilson Road, Mount Hutton NSW 2290",Wilsons Road Mount Hutton New South Wales 2290,Wilsons Road,Mount Hutton,New South Wales,2290.0,,BP Australia ,-32.9847608,151.6724345,12,8,-4,77,46,-31
1084,"Bp Potts Hill Truckstop, 155-157 Rockwood Road, Yagoona NSW 2199, Australia","Bp Potts Hill Truckstop, 155-157 Rockwood Road, Yagoona NSW 2199",Rookwood Road Yagoona New South Wales 2199,Rookwood Road,Yagoona,New South Wales,2199.0,,BP Australia ,-33.8933986,151.0389026,11,7,-4,75,42,-33
1061,"University of Wollongong, Northfields Avenue, Wollongong NSW 2522, Australia","University Of Wollongong, Northfields Avenue, Wollongong NSW 2522",Keiraville New South Wales 2500,,Keiraville,New South Wales,2500.0,,University of,-34.4079569,150.877135,9,5,-4,76,31,-45
1060,"Charter Hall Rutherford Marketplace, 1 Hillview St, Rutherford NSW 2320, Australia","Charter Hall Rutherford Marketplace, 1 Hillview Street, Rutherford NSW 2320",West Mall Rutherford New South Wales 2320,West Mall,Rutherford,New South Wales,2320.0,,BP Australia ,-32.7156085,151.5265817,11,7,-4,82,41,-41
1052,"Bp Rozelle, Cnr VIC Rd & Evans St, Rozelle NSW 2039, Australia","Bp Rozelle, Cnr Vic Road & Evans Street, Rozelle NSW 2039",Victoria Road Rozelle New South Wales 2039,Victoria Road,Rozelle,New South Wales,2039.0,,BP Australia ,-33.8653,151.1716,12,7,-5,62,42,-20
1008,"Bp Young, Cnr Zouch and Edward Streets, Young NSW 2594, Australia","Bp Young, Cnr Zouch And Edward Streets, Young NSW 2594",A41 Young New South Wales 2594,A41,Young,New South Wales,2594.0,,BP Australia ,-34.3134008,148.2979356,11,6,-5,65,30,-35
1045,"Bp Kennedy Drive, CNR KENNEDY DVE & DUCAT ST, Tweed Heads NSW 2485, Australia","Bp Kennedy Drive, Cnr Kennedy Dve & Ducat Street, Tweed Heads NSW 2485",Kennedy Drive Tweed Heads New South Wales 2485,Kennedy Drive,Tweed Heads,New South Wales,2485.0,,BP Australia ,-28.1859,153.5259866,14,8,-6,77,46,-31
1080,"Charter Hall Carnes Hill Marketplace, Corner Cowpasture & Kurrajong Roads, Horningsea Park NSW 2171, Australia","Charter Hall Carnes Hill Marketplace, Corner Cowpasture & Kurrajong Roads, Horningsea Park NSW 2171",Kurrajong Road Carnes Hill New South Wales 2171,Kurrajong Road,Carnes Hill,New South Wales,2171.0,,BP Australia ,-33.9360579,150.8450408,15,8,-7,110,47,-63
1770,Council Car Park Lot 4 / DP251076 between 46 Lowe Street Queanbeyan NSW 2620,"Council Car Park Lot 4 / Dp251076 Between 46 Lowe Street Queanbeyan, NSW 2620",Lowe Street Queanbeyan New South Wales 2620,Lowe Street,Queanbeyan,New South Wales,2620.0,,NRMA,-35.3549827,149.2329145,14,7,-7,76,43,-33
1775,"Early Start Discovery Space (Building 21) University of Wollongong
Northfields Ave
Wollongong NSW 2522
Australia","Early Start Discovery Space (Building 21) University Of Wollongong, Northfields Avenue, Wollongong NSW 2522",Keiraville New South Wales 2500,,Keiraville,New South Wales,2500.0,Early Start Discovery Space,Chargefox,-34.4079569,150.877135,15,5,-10,112,31,-81
